Organization,Followed On
São Paulo Tech School - SPTech,Wed Sep 10 17:36:19 UTC 2025
Infor,Wed Aug 06 21:39:24 UTC 2025
Xnakes Learn,Mon Jun 23 00:01:28 UTC 2025
Xnakes,Sun Jun 22 23:53:49 UTC 2025
Crowe Macro (Brazil),Sat Aug 30 06:21:04 UTC 2025
Freelancer,Sun Apr 13 23:22:06 UTC 2025
"Georgia IT, Inc.",Sat Apr 12 19:04:28 UTC 2025
Safra,Sat Apr 12 06:03:11 UTC 2025
TOTVS,Fri Apr 11 21:45:40 UTC 2025
Cielo,Fri Apr 11 15:21:43 UTC 2025
Infographya Comunicação Corporativa,Sat Mar 29 00:20:06 UTC 2025
Governo do Estado de São Paulo,Fri Mar 28 17:47:29 UTC 2025
Luizalabs,Fri Mar 14 18:14:29 UTC 2025
Use - Uniforme e Material Escolar,Fri Mar 14 16:28:34 UTC 2025
BYD Brasil,Fri Mar 14 00:56:11 UTC 2025
NSK Brasil Ltda.,Tue Mar 11 17:19:23 UTC 2025
Magazine Luiza,Mon Mar 10 18:16:11 UTC 2025
Seara,Sat Mar 08 15:31:35 UTC 2025
Shift Technology,Fri Mar 07 22:05:11 UTC 2025
Sinqia,Fri Mar 07 22:03:15 UTC 2025
"Prezensa - Formerly ESX, Squad Premium",Thu Mar 06 18:37:48 UTC 2025
INDI Staffing Services,Wed Mar 05 21:49:44 UTC 2025
Mouts TI,Wed Mar 05 21:49:25 UTC 2025
Grupo Moas,Fri Feb 28 16:25:53 UTC 2025
Nubank,Thu Feb 27 20:36:21 UTC 2025
Itaú Unibanco,Thu Feb 27 20:22:34 UTC 2025
OPENCADD Advanced Technology,Thu Feb 27 20:20:41 UTC 2025
LG Electronics Brasil,Thu Feb 27 20:17:30 UTC 2025
Tata Consultancy Services,Thu Feb 27 20:15:30 UTC 2025
Microsoft,Sun Feb 23 04:44:40 UTC 2025
Google,Fri Feb 21 04:07:34 UTC 2025
Abc Technology Group,Wed Feb 19 15:17:45 UTC 2025
GitHub,Wed Feb 12 16:56:42 UTC 2025
Universidade Cruzeiro do Sul,Mon Feb 10 20:00:27 UTC 2025
Smarthis,Wed Oct 16 12:39:21 UTC 2024
Debugging,Mon Oct 14 11:46:54 UTC 2024
Programming Hub,Sun Nov 26 22:29:55 UTC 2023
Senai São Paulo,Wed Aug 30 17:05:22 UTC 2023
MAHLE,Fri Jun 30 19:40:30 UTC 2023
Burh,Tue Jun 27 16:21:30 UTC 2023
Wizard by Pearson,Tue May 23 19:45:03 UTC 2023
OneBitCode,Tue May 23 19:31:56 UTC 2023