Notes:
"When exporting your connection data, you may notice that some of the email addresses are missing. You will only see email addresses for connections who have allowed their connections to see or download their email address using this setting https://www.linkedin.com/psettings/privacy/email. You can learn more here https://www.linkedin.com/help/linkedin/answer/261"

First Name,Last Name,URL,Email Address,Company,Position,Connected On
Miqueias,Santos,https://www.linkedin.com/in/miqueias-santos-037975246,,Freelance,Desenvolvedor Python,11 Oct 2025
Gean,Gobo da Cruz,https://www.linkedin.com/in/geangobo,,Maitha Tech,Junior Python Developer  (Serasa Experian) ,06 Oct 2025
José Lucas,Silva Mayer,https://www.linkedin.com/in/josemayer,,QuintoAndar,Software Engineer II,04 Oct 2025
Gustavo,Fuzer,https://www.linkedin.com/in/gustavo-fuzer-7286b8268,,Gerene Sistemas de Informação,Desenvolvedor full stack,02 Oct 2025
Gabriel,Garcia Lorencetti,https://www.linkedin.com/in/gabriellorencetti,,Super Agents, Desenvolvedor de Software Fullstack Pleno,02 Oct 2025
Giovanni,Willik Del Piccolo,https://www.linkedin.com/in/giovanniwillik,,Itaú Unibanco,Engenheiro de software,01 Oct 2025
Matheus,Karo,https://www.linkedin.com/in/matheus-karo,,Iron Mountain,Engenheiro de software,01 Oct 2025
Thiago,Martins,https://www.linkedin.com/in/thiagomartins3008,,Docket,AI Intern,30 Sep 2025
Eduardo,Santana,https://www.linkedin.com/in/eduardo-santana-8b09414a,,itour Oficial,Desenvolvedor ,29 Sep 2025
Amanda Caroline de Oliveira,Pires,https://www.linkedin.com/in/amanda-caroline-de-oliveira-pires-a83656213,,Itaú Unibanco,Cientista de Dados I,28 Sep 2025
Gabrielle ,Ramos da Silva,https://www.linkedin.com/in/gabrielle-ramos-da-silva-217922184,,BTG Pactual,Software Developer,19 Sep 2025
Lucas,Sobrinho,https://www.linkedin.com/in/lucasmsobrinho,,Thomson Reuters,Software Developer Engineer,18 Sep 2025
Patricia,Andreolli,https://www.linkedin.com/in/patricia-andreolli-85b73016b,,INFOVAGAS,Recrutador,18 Sep 2025
Victor Gabriel,Fogarolli,https://www.linkedin.com/in/victor-gabriel-fogarolli-8a9b56216,,GetZip,Full Stack Developer and Solutions Developer,18 Sep 2025
Amaro,Júnior,https://www.linkedin.com/in/jrvalerio,,Freelancer,Desenvolvedor web freelancer,18 Sep 2025
Caroline,Nogueira,https://www.linkedin.com/in/caroline-nogueira-136119164,,Capgemini,Consultor de qualidade de software,15 Sep 2025
Matheus,Santos Volotão,https://www.linkedin.com/in/matheusvolotao,,Simplifica,Desenvolvedor Front-End Jr.,14 Sep 2025
Artur,Dallmann,https://www.linkedin.com/in/arturdallmann,,Fundação Getulio Vargas,Estagiaro em T.I,14 Sep 2025
Breno,Wingeter,https://www.linkedin.com/in/breno-wingeter,,Pentagro,Estagiário em Cibersegurança,13 Sep 2025
Leticia,Passos,https://www.linkedin.com/in/leticia-passos-a1a988233,,Axolutions,Desenvolvedor web,13 Sep 2025
Leonardo,Ferraz Scavazza ,https://www.linkedin.com/in/leonardo-ferraz-scavazza-06281b303,,,,11 Sep 2025
Lucas,Teodoro,https://www.linkedin.com/in/lucas-teodoro-29b91a324,,,,11 Sep 2025
Gabriel,Féra de Souza Campos,https://www.linkedin.com/in/gabrielf%C3%A9ra,,Vikings Consultoria e Sistemas,Estágio em ciência de dados e BI,11 Sep 2025
Mirelli,Basso Fernandes,https://www.linkedin.com/in/mirelli-basso-fernandes-a8146b211,,IBM,Desenvolvedora full stack,11 Sep 2025
Nicolly,Cristine Ribeiro dos Santos,https://www.linkedin.com/in/nicollyribeirodossantos,,Accenture,CRF Data&AI,11 Sep 2025
Marília,Dias,https://www.linkedin.com/in/mar%C3%ADlia-dias-41042a13a,,MDMS,Autônomo,10 Sep 2025
Fernando,Gouveia Lima,https://www.linkedin.com/in/fernandogouveialima,,Instituto de Matemática e Estatística - Universidade de São Paulo (IME-USP), Undergraduate Researcher - Machine Learning,10 Sep 2025
Alberto,Neves,https://www.linkedin.com/in/alberto-neves,,Nelogica,Software Developer I,10 Sep 2025
Lucas,Almeida,https://www.linkedin.com/in/lucas-ac-am,,gingalabs,Desenvolvedor de software,10 Sep 2025
Fernando,Araújo,https://www.linkedin.com/in/fernando-caetano-de-araujo,,São Paulo Tech School - SPTech,Desenvolvedor Front-end Jr,10 Sep 2025
Fernanda Cristina,Ferraz,https://www.linkedin.com/in/fernanda-cristina-ferraz-2389b32b6,,Granfox TI,Tech Recruiter,10 Sep 2025
Pedro,Diogo Machado,https://www.linkedin.com/in/pedrodiogo219,,Google,Engenheiro de software,10 Sep 2025
Marília,Takaguti Dicezare,https://www.linkedin.com/in/mariliadicezare,,Google,Software Engineer,10 Sep 2025
Pedro,Leão Albuquerque,https://www.linkedin.com/in/pedrole%C3%A3o16,pedrolads160@gmail.com,Deloitte,Desenvolvedor full stack,09 Sep 2025
Henrique,Ribeiro,https://www.linkedin.com/in/henrique-ribeiro-moreira,ribeiro.henriquem@gmail.com,Pepper,Desenvolvedor de Software Pleno,09 Sep 2025
Thiago,Lourençon Ghebra,https://www.linkedin.com/in/thiago-louren%C3%A7on-ghebra-8a8311204,,Class Solutions,Frontend Developer,09 Sep 2025
Ada Maris,Mário,https://www.linkedin.com/in/ada-maris,,Instituto de Ciências Matemáticas e de Computação (ICMC),Undergraduate Research Fellow,09 Sep 2025
Pedro,Schneider,https://www.linkedin.com/in/pedro-schneider-485b97261,,Amazon Web Services (AWS),"Game Developer II, Game Based Learning",09 Sep 2025
João Vitor,Ferreira Pedroso,https://www.linkedin.com/in/joaovitorferreirapedroso,,Politran Cursos e Treinamentos,Assistente administrativo,08 Sep 2025
Matheus Augusto,Silva,https://www.linkedin.com/in/matheus-augusto-costa-da-silva,,Google,"Customer Engineer, Google Cloud - Financial Services",08 Sep 2025
Guilherme,Paixão,https://www.linkedin.com/in/guip2000,,Itaú Unibanco,Analista de Dados Jr,08 Sep 2025
Guilherme,de Oliveira Ramos,https://www.linkedin.com/in/guilhermeor19,,Autônomo,Tech Recruiter,08 Sep 2025
Roger,Bertan,https://www.linkedin.com/in/roger-bertan-71001117a,,Esmalglass-Itaca Grupo,Técnico de infraestrutura,08 Sep 2025
Marcus,Guedes,https://www.linkedin.com/in/marcusguedess,,RHF Talentos,Consultor de Prospecção Estratégica B2B,08 Sep 2025
Jade,Bortot De Paiva,https://www.linkedin.com/in/jade-bortot-de-paiva,,Zenith Aerospace,Presidente,08 Sep 2025
Caroline ,dos Santos,https://www.linkedin.com/in/caroline-s-p,,CSP Meraki Serviços de RH,Líder de Recrutamento / Consultor de RH / Headhunter / Tech Recruiter/ RPO/ Job Hunter,08 Sep 2025
Mariana,Cardoso Thomé,https://www.linkedin.com/in/mariana-cardoso-thom%C3%A9-a2b66712b,,Cadmus Soluções em TI,Analista de recrutamento e seleção,08 Sep 2025
Marianne,Souza,https://www.linkedin.com/in/mariannefsouza,,Montreal Oficial,Analista de RH | Foco em Tecnologia,08 Sep 2025
Vitoria,Isabele,https://www.linkedin.com/in/vitoria-isabele-301529210,selecao@wehunt.com.br,We Hunt,Recrutador,08 Sep 2025
Camila,de Lima Almeida da Silva,https://www.linkedin.com/in/camila-de-lima-almeida-da-silva,,banco BV,Data Science Specialist,08 Sep 2025
Katia,Tavares,https://www.linkedin.com/in/katiapais,,Jeitto, Talent Acquisition Sênior | Tech Recruiter ,08 Sep 2025
Pedro Henrique,Bucke,https://www.linkedin.com/in/pedro-bucke,,Freelance,Desenvolvedor de software,08 Sep 2025
Natália,Lopes,https://www.linkedin.com/in/nat%C3%A1lialopes,,My Hunter Digital Service,Tech Recruiter Bilíngue,08 Sep 2025
Cláudia,Anania,https://www.linkedin.com/in/claudia-anania,claudia.anania@outlook.com,Fundação Butantan,Diretora de Tecnologia da Informação ,08 Sep 2025
Nicolas,Valle,https://www.linkedin.com/in/nicolas-valle-620b29219,,Qintess,Desenvolvedor Java,08 Sep 2025
Carlos Eduardo,Silva,https://www.linkedin.com/in/carlos-eduardo-silva-code,,Mind Group,Software Developer,07 Sep 2025
Diego,Sacomano,https://www.linkedin.com/in/diego-sacomano,,freelance,Desenvolvedor front-end,07 Sep 2025
Luize,Carillo Filippini,https://www.linkedin.com/in/luize-carillo-filippini-8b2981204,,Safra,Desenvolvedor de software júnior,07 Sep 2025
R. Lucas ,Messias ,https://www.linkedin.com/in/r-lucas-messias,,Sesi São Paulo,Desenvolvedor,07 Sep 2025
Kailani,Esteves Barboza,https://www.linkedin.com/in/kailani-esteves-barboza,,PPRO,Software Engineer II,06 Sep 2025
Munique,Feitoza,https://www.linkedin.com/in/munique-feitoza-77034b231,muniquefeitoz4@gmail.com,Winup Network,Engenheira de software,06 Sep 2025
Kaleb,Carvalho,https://www.linkedin.com/in/kaleb-carvalho,,BTG Pactual,Internship | IT BANKING,06 Sep 2025
Nicolas,Cruvinel,https://www.linkedin.com/in/nicolas-cruvinel,,Popstand,Desenvolvedor de software,06 Sep 2025
Yuri,Mendes,https://www.linkedin.com/in/yuri-mendes,,Autônomo,Programador,06 Sep 2025
Amorgan,Lopes,https://www.linkedin.com/in/amorgan-lopes,,Zibb,Desenvolvedor júnior,05 Sep 2025
Leonardo,Fernandes,https://www.linkedin.com/in/leonardo-fernande,,Winov ☁️,Developer,05 Sep 2025
Jhone,Rodrigues,https://www.linkedin.com/in/jhonerodrigues,,Guaruperfil,Assistente de marketing de vendas,05 Sep 2025
Antonio,Matheus,https://www.linkedin.com/in/antonio-matheus-000203161,,Input Center,Programador MultiPlataforma ,05 Sep 2025
Barbara,Daniel,https://www.linkedin.com/in/barbara-daniel-dev,,Open Labs SA,Desenvolvedor de software,05 Sep 2025
Fabiano,Santos,https://www.linkedin.com/in/fabianofwp19,,Freelancer,Web Developer,05 Sep 2025
Vitor,Kravszenko,https://www.linkedin.com/in/vitorkravszenko,,EvolutionSoft,Desenvolvedor Front-End Júnior,05 Sep 2025
Rodrigo,Venancio,https://www.linkedin.com/in/rvenancio,,NTT DATA Europe & Latam,Senior Android Engineer,04 Sep 2025
Gabriel,Silva Fontes,https://www.linkedin.com/in/misterio7,,Magalu Cloud,Site Reliability Engineer,04 Sep 2025
Pedro,Fazio,https://www.linkedin.com/in/pedro-fazio-m,,LUZ Soluções Financeiras,Desenvolvedor Junior em P&D,04 Sep 2025
Leonardo,Silva,https://www.linkedin.com/in/leonardo-silvafront,,,,04 Sep 2025
Tatyane,Gonçalves,https://www.linkedin.com/in/tatyanegoncalves,,Autônomo,Desenvolvedora de front-end freelancer,04 Sep 2025
Jayro,Boy Neto,https://www.linkedin.com/in/o-terceiro-jayro-boy,,Autodoc Tecnologia,Back End Developer,04 Sep 2025
Mateus,Prado,https://www.linkedin.com/in/mateus-prado-santos,,DoorDash,Software Engineer,04 Sep 2025
Raul Ryan,Deaque Silva,https://www.linkedin.com/in/ryanraul,,Uppertools Tecnologia da Informação,Software Engineer,04 Sep 2025
Gabriel, Moraes Andreghetti,https://www.linkedin.com/in/gabriel-moraes-andreghetti-422573274,,Lead2Sales,Desenvolvedor de soluções de IA,04 Sep 2025
Willyng,Pedroso,https://www.linkedin.com/in/willyng-pedroso,,Capgemini,Senior RPA Developer,03 Sep 2025
Weslley,Holanda Santos ,https://www.linkedin.com/in/weslleyholanda,,Oficial de Registro Civil das Pessoas Naturais e Tabelião de Notas do Distrito de Ermelino Matarazzo,Auxiliar cartório,03 Sep 2025
Ricardo,Camilo,https://www.linkedin.com/in/ricardo-camilo-programador-frontend-web-developer,,Freelancer,Programador | Desenvolvedor Web Frontend,03 Sep 2025
Eduardo,Vernizzi,https://www.linkedin.com/in/carlosvernizzi,,Freelancer,Desenvolvedor freelancer,03 Sep 2025
Diogo,Prado,https://www.linkedin.com/in/diogohsp,,BeeCloud Solutions,Desenvolvedor de software,03 Sep 2025
Hosana,Silvino,https://www.linkedin.com/in/hosana-silvino,,TOTVS,Analista I de Desenvolvimento de Software,03 Sep 2025
João,Victor,https://www.linkedin.com/in/dev-joao-victor,,GEPID,Desenvolvedor de Agentes de IA,03 Sep 2025
Ana Clara,Setulim,https://www.linkedin.com/in/ana-clara-setulim-b22707291,,ICMC Júnior,Diretora de marketing,03 Sep 2025
Gustavo,Henrique,https://www.linkedin.com/in/gustavo-henriquep,,Avanade,Associate Full Stack Developer,03 Sep 2025
Emanuelli,Brito Reis,https://www.linkedin.com/in/emanuelli-brito-reis-94a9671a5,,ICON Solutions do Brasil,Tech Recruiter,03 Sep 2025
Amanda,Ribeiro,https://www.linkedin.com/in/amanda-ribeiro-6456b2245,,The Cloud People Global,ServiceNow Developer,03 Sep 2025
Gustavo,Castro,https://www.linkedin.com/in/gustavocastroandrade,,Atos,Desenvolvedor full stack,03 Sep 2025
Ana,Luiza Gonsani,https://www.linkedin.com/in/analuizagonsani,,BW Soluções,Analista de Suporte Júnior,03 Sep 2025
Hoom Web,Serviços de Internet,https://www.linkedin.com/in/hoom-web-servi%C3%A7os-de-internet-675894215,,,,03 Sep 2025
Gabriel,Marchesano,https://www.linkedin.com/in/gabriel-marchesano-a1179b324,,,,03 Sep 2025
Ana Flor,Oliveira De Stefani,https://www.linkedin.com/in/ana-flor-oliveira-de-stefani-89254a2a5,,iFood,Engenheiro de software júnior,03 Sep 2025
Erick,Cassoli,https://www.linkedin.com/in/erick-cassoli,,Accenture,Desenvolvedor Back-end,03 Sep 2025
Gabriel,Reis,https://www.linkedin.com/in/gabrieldevreis,,Dynoix,Desenvolvedor júnior,03 Sep 2025
Matheus,Porto,https://www.linkedin.com/in/matheusport0,,Stech Soluções Tecnológicas,Desenvolvedor de software júnior,03 Sep 2025
Diego,Hessel Motta Verdi,https://www.linkedin.com/in/diego-hessel-motta-verdi-7111551b6,,IBM,Application Developer Júnior,03 Sep 2025
Guilherme,Scarabelli Quadros,https://www.linkedin.com/in/guilherme-scarabelli-quadros,,K2 Partnering Solutions,Desenvolvedor Salesforce Júnior III,03 Sep 2025
Mariana,Godoy,https://www.linkedin.com/in/mariworld,,Serasa Experian,Analista de Desenvolvimento de Software I,03 Sep 2025
Luísa,Aguiar,https://www.linkedin.com/in/luisadeaguiar,,Adyen,Software Engineer,03 Sep 2025
Gabriel,Oliveira,https://www.linkedin.com/in/bdogabriel,,iFood,Software Engineer,02 Sep 2025
Lucas,Claros,https://www.linkedin.com/in/lucas-claros-875945198,,Cobli,Software Engineer,02 Sep 2025
Gustavo,Sena,https://www.linkedin.com/in/gustavo-sena-577045232,,Kompleto,Desenvolvedor Full Stack Pleno,02 Sep 2025
Diego,Faduli,https://www.linkedin.com/in/diego-faduli,,Revizia,Desenvolvedor back end,02 Sep 2025
Nicolas,Longo,https://www.linkedin.com/in/lonlas,,BlueShift Brasil,Engenheiro IA Generativa Jr.,02 Sep 2025
Letícia,Melo Silva,https://www.linkedin.com/in/let%C3%ADcia-melo-silva-238531291,,Alphacode IT Solutions,Desenvolvedor,02 Sep 2025
Hugo,Stanisce Denari,https://www.linkedin.com/in/hugo-stanisce-denari,,BTG Pactual,Software engineer,02 Sep 2025
Wendy,Laura,https://www.linkedin.com/in/wendy-laura-20929120b,,Refit,Analista de Sistemas Júnior,02 Sep 2025
Pedro Henrique,Medeiros dos Reis,https://www.linkedin.com/in/phzmedeiros,,QYON Sistemas Inteligentes,Software Development Intern,02 Sep 2025
Débora,Oliveira,https://www.linkedin.com/in/deb-oliveira,,Ximple,"Software Engineer, Tech Lead",02 Sep 2025
Marcel,Secco,https://www.linkedin.com/in/marcel-secco-658081266,,Lumiun,Engenheiro de software pleno,02 Sep 2025
Rodrigo ,Moura ,https://www.linkedin.com/in/rodrigo011,,Freelancer,Desenvolvedor de front-end,02 Sep 2025
Pedro ,Arruda,https://www.linkedin.com/in/pedro-scucuglia-arruda,,Rx Redefined,Software Engineer,02 Sep 2025
Gabriel,Odorcik,https://www.linkedin.com/in/gabrielodorcik,,IBM,Desenvolvedor Junior,02 Sep 2025
Müller,Silva,https://www.linkedin.com/in/m%C3%BCllersilva,,CWI Software,Desenvolvedor Java Sênior,02 Sep 2025
Lucas Gabriel,Camargo,https://www.linkedin.com/in/lgcamargo,,YETZ INCENTIVETECH,Desenvolvedor de software,02 Sep 2025
Thiago,Baptista da Silva Soares,https://www.linkedin.com/in/thibapso,,FIAP,Desenvolvedor Front-End,02 Sep 2025
Augusto,Pedro Gomes,https://www.linkedin.com/in/augusto-pedro-gomes,,Venturus,Desenvolvedor júnior,02 Sep 2025
Deivid,Souza,https://www.linkedin.com/in/deivids0uza,,Magazine Luiza,Cientista de Dados Junior,02 Sep 2025
Pedro Henrique,Ferreira Silva,https://www.linkedin.com/in/pedrohfsilva2,,,,02 Sep 2025
Edinan,C. Morais,https://www.linkedin.com/in/edinan-c-morais-43170a193,,Tarion-Beck,Software Engineer,02 Sep 2025
Beatriz,Zanchin Messias,https://www.linkedin.com/in/beatriz-zanchin-messias,,gingalabs,Desenvolvedor Web Low-code,02 Sep 2025
Alexandre,Brito,https://www.linkedin.com/in/alebgomes,,Axur,Software Development Intern,02 Sep 2025
João,Liberato,https://www.linkedin.com/in/joaooliberato,,n0ir,Founder,02 Sep 2025
Michaelle,Oliveira,https://www.linkedin.com/in/michaelle-oliveira,,FullDev,Desenvolvedor Frontend,02 Sep 2025
Hugo,Zanni,https://www.linkedin.com/in/hugozanni1,,Nexforce,AI Automation Engineer,02 Sep 2025
Gabriel,Ribeiro Rodrigues Dessotti,https://www.linkedin.com/in/gabrielrrdessotti,,BTG Pactual,IT Assistant,02 Sep 2025
Gustavo,Costa,https://www.linkedin.com/in/gustavo-costa-7223b3157,,aMORA,Software Engineer,02 Sep 2025
William,Lima,https://www.linkedin.com/in/limawilliam,,Amazon,Engenheiro de software,02 Sep 2025
Gabriel,Ligabô,https://www.linkedin.com/in/gabriel-ligab%C3%B4-41a06b20b,,FAPESP, Bolsista de Iniciação Científica,02 Sep 2025
Gabriel,Ribeiro,https://www.linkedin.com/in/gabrielribeirof,,Asaas,Engenheiro de Software Pleno,02 Sep 2025
Gabriel,Perão,https://www.linkedin.com/in/gabrielperao,,Amazon,Software Development Engineer,02 Sep 2025
João,Rissi,https://www.linkedin.com/in/jo%C3%A3o-rissi,,Instituto de Ciências Matemáticas e de Computação (ICMC) - USP,Iniciação Científica,02 Sep 2025
Nathan,Oliveira,https://www.linkedin.com/in/nathanmartinss,,Nexamed,Analista de Sistemas Junior,02 Sep 2025
Everton,Jackson,https://www.linkedin.com/in/evertonjackson,,Serasa Experian,Full Stack Developer | VERX ,02 Sep 2025
André Luiz,Junqueira Poles,https://www.linkedin.com/in/andr%C3%A9-luiz-junqueira-poles-32a432245,,AGX Software,Desenvolvedor Backend Junior 1,02 Sep 2025
Johan,Henrique,https://www.linkedin.com/in/johandev06062,,Overpowered,Senior Fullstack Developer,02 Sep 2025
Giuliano,Bertoti,https://www.linkedin.com/in/giuliano-bertoti-b280bb47,,FATEC - Faculdade de Tecnologia do Governo do Estado de São Paulo,Software Engineer,02 Sep 2025
Priscila,F. Azevêdo,https://www.linkedin.com/in/priscila-f-azev%C3%AAdo-28a23a21a,,Locus Custom Software,Headhunter,02 Sep 2025
Samuel,Silverio,https://www.linkedin.com/in/samuel-silveriom,,PagBank,Engenheiro de software,02 Sep 2025
Gabriel Alves,Pereira,https://www.linkedin.com/in/gabrielalvespereira16,,Ceopag,Laravel Developer Pleno,02 Sep 2025
Thiago,Lira,https://www.linkedin.com/in/thiago-slira,,IBM,Desenvolvedor de Aplicações,02 Sep 2025
Leonardo,Eiki Oziro,https://www.linkedin.com/in/leonardo-eiki-oziro-79713326a,,Bradesco,Analista de sistemas JR,02 Sep 2025
Murilo,Câmara,https://www.linkedin.com/in/murilocamara,,Novale Soluções,Desenvolvedor Full Stack Junior,02 Sep 2025
Enrique,Teles,https://www.linkedin.com/in/enriqueteles,,Beegol,Data Engineer,02 Sep 2025
Carlos,Henrique,https://www.linkedin.com/in/carlos-henrique-b-goncalves,,Alfatest Ind. e Com. de Produtos Eletrônicos S.A.,Engenheiro Coordenador de Software,02 Sep 2025
Thiago,Ferreira Rodrigues,https://www.linkedin.com/in/thfrod,,Serasa Experian,Desenvolvedor Front-end,02 Sep 2025
Murillo,Ferreira Yumoto,https://www.linkedin.com/in/murilloyumoto,,optikAI,Estagiário em Dados ,02 Sep 2025
Mateus, Curtolo de Goes,https://www.linkedin.com/in/mateus-goes,,Cobli,Software Engineer ,02 Sep 2025
Ryan,Sulino Arrua,https://www.linkedin.com/in/ryan-sulino-arrua-47a598359,,,,02 Sep 2025
Daphne,Pereira,https://www.linkedin.com/in/daphne-lie-pereira,,Visum Digital,Information Technology Internship,02 Sep 2025
Gonçalo,Maueze,https://www.linkedin.com/in/gon%C3%A7alo-maueze-ab8590229,,iFood,Frontend Developer,02 Sep 2025
Katiely,Lacerda,https://www.linkedin.com/in/katielylacerda,,IBM,Data Science Intern,02 Sep 2025
Gabriel ,Guimarães,https://www.linkedin.com/in/gabrielalvesguimaraes,,Astrix,Informatics Engineer,02 Sep 2025
William,Oliveira,https://www.linkedin.com/in/will-obs,,Jornal Oficina Brasil,Desenvolvedor full stack,02 Sep 2025
Gabriel Henrique,Brioto,https://www.linkedin.com/in/gabriel-henrique-brioto-94a512255,,BTG Pactual,Estagiário em Automação,02 Sep 2025
Guilherme,Augusto Moreira,https://www.linkedin.com/in/guilherme-amoreira,,iFood,Cientista de dados,02 Sep 2025
Abner,Oliveira,https://www.linkedin.com/in/abner-oliveira-dev,,BDS DataSolution,Analista Programador JR III,02 Sep 2025
Eduardo,Alves de Lima,https://www.linkedin.com/in/edualveslm,,,,02 Sep 2025
Letícia Cristina,Leme,https://www.linkedin.com/in/leticiacristinaleme,,Compass UOL,Programador I,02 Sep 2025
Diogo,Lima,https://www.linkedin.com/in/diogolima97,,Compass UOL,Developer,02 Sep 2025
Paulo Henrique,Vedovatto Turquetti,https://www.linkedin.com/in/pauloturquetti,,PROHAB São Carlos,Estagiário em Desenvolvimento Web e Suporte de TI,02 Sep 2025
Jesús,Vásquez Medina,https://www.linkedin.com/in/jesusvasquezmedina,,IBM,Desenvolvedor web,02 Sep 2025
Rodrigo,Delai,https://www.linkedin.com/in/rodrigodelai,,ALL TAX,Desenvolvedor Full-stack Pleno,02 Sep 2025
Gustavo,Gonzales,https://www.linkedin.com/in/gustavo-gonzales-1445a453,,Universidade Cruzeiro do Sul,Professor assistente,02 Sep 2025
Gabriel,Campanelli Iamato,https://www.linkedin.com/in/gabriel-campanelli-iamato,,RAIA - Rede de Avanço em Inteligência Artificial,Cientista de dados,01 Sep 2025
Mariana,Januário,https://www.linkedin.com/in/marianalimajanu%C3%A1rio,,IBM,Desenvolvedora Cloud,01 Sep 2025
Ricardo,Araujo,https://www.linkedin.com/in/rcrdo,,Brasil Agritest - Agricultural R&D Company ,Cientista de dados,01 Sep 2025
Guilherme Henrique,Cardilho,https://www.linkedin.com/in/guilherme-cardilho,,Fast Solutions,Desenvolvedor full stack,01 Sep 2025
Guilherme,Anjolette,https://www.linkedin.com/in/guilherme-anjolette,,Sinqia,Desenvolvedor de software júnior,01 Sep 2025
João Paulo,Santos De Souza,https://www.linkedin.com/in/joaopaulodevjava,joaopaulo_019w@hotmail.com,PASS,Desenvolvedor Front End,01 Sep 2025
Matheus,Barreto,https://www.linkedin.com/in/matheus-barreto-2724a1195,,iFood,Jr Data Scientist - Credit Modelling,01 Sep 2025
Daniel,Carvalho,https://www.linkedin.com/in/daniel-carvalho-aba61717a,,Artefact,Data Engineer III,01 Sep 2025
Luiz,Filipe,https://www.linkedin.com/in/luiz-filipe-293865206,,ASAAS,Software Engineer,01 Sep 2025
Henrique,de Oliveira Araujo,https://www.linkedin.com/in/henriqueoa,,Prisma Tech,Desenvolvedor full stack,01 Sep 2025
Renata,Moura Barreto,https://www.linkedin.com/in/renata-moura-barreto,,DM,Risco de crédito,01 Sep 2025
Willian,Silva Gonçalves,https://www.linkedin.com/in/willyz,,ZF Group,Assistente administrativo,01 Sep 2025
Hellen,Bianchini,https://www.linkedin.com/in/hellen-bianchini-godinho,,Fênix Tecnologias Educacionais,Desenvolvedor Junior,01 Sep 2025
Christian,Gandra,https://www.linkedin.com/in/christian-gandra,,Inteli Júnior,Desenvolvedor de projetos,01 Sep 2025
Augusto,Fernandes Ildefonso,https://www.linkedin.com/in/augustofernandesildefonso,,ICMC Júnior,Diretor de Projetos Internos,01 Sep 2025
Jhonatan,Vinicius,https://www.linkedin.com/in/jhonatan-vinicius-330243205,,Itaú Unibanco,Engenheiro de software sênior,01 Sep 2025
Felipe,Camargo Moreira,https://www.linkedin.com/in/felipe-122-8ca,,DoroTech | Soluções em TI,Engenheiro frontend,01 Sep 2025
Eduardo,Edu,https://www.linkedin.com/in/eduardojava,,IBM,Application Development Assistant - Specialist Band 6A,01 Sep 2025
Rilton,Maciel,https://www.linkedin.com/in/rilton-maciel,,Avanade,Backend Developer .NET Pleno,01 Sep 2025
Gabriel,Barreto,https://www.linkedin.com/in/gabrielbarretogasparelo,,Teddy Open Finance,Engenheiro de Software Frontend,01 Sep 2025
Nathan,Neves Silva,https://www.linkedin.com/in/nathan-neves-silva-5abb8a241,,Freelance,Desenvolvedor de aplicativos móveis,01 Sep 2025
Gabriela,Panzarini,https://www.linkedin.com/in/gabrielapanzarini,,AutoMate Brasil,Líder técnico,01 Sep 2025
joao,matheus,https://www.linkedin.com/in/joao-matheus-5aa94b363,,Wildlife Studios,Software Engineer,01 Sep 2025
Vinicius,Catelani do Prado,https://www.linkedin.com/in/vinicius-catelani-do-prado-000b33220,,Konatus,Desenvolvedor Python Jr,01 Sep 2025
Vinicius,Moraes de Paiva,https://www.linkedin.com/in/viniciusmdepaiva,,Amazon,Software Development Intern,01 Sep 2025
Leonardo,Sodré,https://www.linkedin.com/in/leonardo-sodr%C3%A9-454a671a3,,Disparo Pro,Frontend Developer Jr,01 Sep 2025
Enzo,Sakamoto,https://www.linkedin.com/in/enzosakamoto,,XP Inc.,Arquiteto de Software Júnior,01 Sep 2025
Vinicius,Martins,https://www.linkedin.com/in/vinicius-martins-0401381a0,,IBM,Desenvolvedor de software,01 Sep 2025
Lorran,Rodrigues,https://www.linkedin.com/in/lorran-rodrigues,,GRUPO EMBRAS,Desenvolvedor,01 Sep 2025
Victor Henri,Vargas,https://www.linkedin.com/in/victor-henri-vargas,,Minders,Solutions Architect Ssr.,01 Sep 2025
Gustavo,Marques Lima,https://www.linkedin.com/in/gustavo-marques-lima,,OPT,Analista Desenvolvedor Júnior,01 Sep 2025
Pietra,Gullo,https://www.linkedin.com/in/pietra-gullo,,GEMA,Coordinator,01 Sep 2025
Arthur,Pereira,https://www.linkedin.com/in/arthur-pereira-21aa751b9,,Thompson Management Horizons,Desenvolvedor Microsoft Power Platform ,01 Sep 2025
Victor,Rodrigues Russo,https://www.linkedin.com/in/vrrusso,,Rei do Pitaco,Software Engineer I4,01 Sep 2025
Lucas,Henrique,https://www.linkedin.com/in/lucas-henrique-1ab681277,,Magazine Luiza,Assistente II - REDES SOCIAIS,01 Sep 2025
Matheus,Gomes,https://www.linkedin.com/in/matheusgomes10,,Redbelt Security,Assistente de Segurança da Informação,01 Sep 2025
Eduardo,Almeida,https://www.linkedin.com/in/eduardoalmeidamelo,,Universidade de São Paulo,Monitor Bolsista de Algoritmos e Estruturas de Dados I,01 Sep 2025
Gustavo,Fantato,https://www.linkedin.com/in/gustavofantato,,EnderCraft,Diretor,01 Sep 2025
Diego,Pt. Mathias,https://www.linkedin.com/in/diego-pt-mathias,,Oktopus Tx,Software Engineer,01 Sep 2025
Pedro,Bernardo,https://www.linkedin.com/in/pedro-bernardo21,,,,01 Sep 2025
Nícolas,Josué dos Santos,https://www.linkedin.com/in/nicolas-josue-santos,,Stone,Estagiário,01 Sep 2025
Rafael,Soz,https://www.linkedin.com/in/rafael-soz-aa0167211,,MB | Mercado Bitcoin,Data Scientist Intern,01 Sep 2025
Caio,Uramoto Evangelista,https://www.linkedin.com/in/caiouevangelista,,ICMC Júnior,Cientista de dados,01 Sep 2025
Rafael, Meris Manson,https://www.linkedin.com/in/rafael-meris-manson-a73692279,,F1RST Digital Services,Analista de QA,01 Sep 2025
Davi Gabriel,Domingues,https://www.linkedin.com/in/davi-gabriel-domingues,,SEMCOMP - Semana da Computação da USP São Carlos,Membro da frente de Eventos Acadêmicos,01 Sep 2025
Caroline Akimi,Kurosaki Ueda,https://www.linkedin.com/in/caroline-akimi-kurosaki-ueda-47a247250,,ICMC Júnior,Member,01 Sep 2025
Lucas,Oliveira Castro,https://www.linkedin.com/in/lucas-o-castro,,Uber,Software Engineering Internship,01 Sep 2025
Alexandre,Rocha,https://www.linkedin.com/in/alexandre-palles177,,MB | Mercado Bitcoin,Estagiário de desenvolvimento de produtos,01 Sep 2025
Filipe,Oliveira,https://www.linkedin.com/in/filipe-oliveira-8545a6221,,Amazon,Engenheiro de software,01 Sep 2025
Richard,Willian,https://www.linkedin.com/in/richardwillianxx,,,,01 Sep 2025
Isadora,Brunetti Delgado,https://www.linkedin.com/in/isadora-brunetti-delgado,,SCDATA,Estágio em Ciência de Dados,01 Sep 2025
Afonso,Pacheco,https://www.linkedin.com/in/afonso-pachecorh,,Alterdata Software,Recrutador,01 Sep 2025
Guilherme Sebastião,Teodoro Junior,https://www.linkedin.com/in/teogstj,,Tendências Consultoria,Back End Developer Intern,01 Sep 2025
Daniel,Damaceno,https://www.linkedin.com/in/daniel-damaceno,,Bizapp,Analista Desenvolvedor,01 Sep 2025
Matheus,Henrique Lemes Sakuragui ,https://www.linkedin.com/in/matheus-henrique-lemes-sakuragui,,JetSoft,Desenvolvedor Python Júnior,01 Sep 2025
Guilherme,de Lima Moura,https://www.linkedin.com/in/guilherme-de-lima-moura,,Jotatei Servicos De Informatica,Desenvolvedor Pleno I,01 Sep 2025
Weslley,de Oliveira e Silva,https://www.linkedin.com/in/weslley-de-oliveira-e-silva-198633209,,FDTE - Fundação para o Desenvolvimento Tecnológico da Engenharia,Engenheiro de software Java,01 Sep 2025
Leonardo,Leal,https://www.linkedin.com/in/leohdev,,Nitronews Email Marketing,Front-end Designer,01 Sep 2025
Maria,Karoline 🐞,https://www.linkedin.com/in/maria-karoline94,,QualityMap,Analista de Teste Junior,01 Sep 2025
Vinícius,Mendonça Ferreira da Silva,https://www.linkedin.com/in/vinicius-mendonca-ferreira,,sysalti,Desenvolvedor web júnior,01 Sep 2025
Dennis, Lemke Green,https://www.linkedin.com/in/dennis-lemke-green-082127214,,Xmobots,Desenvolvedor P&D em visão computacional e IA,01 Sep 2025
Daniel,Girotto,https://www.linkedin.com/in/daniel-girotto,,T-Systems do Brasil,Desenvolvedor de software,01 Sep 2025
Matheus,Giraldi Alvarenga,https://www.linkedin.com/in/matheus-giraldi-alvarenga-b2b856217,,Inoa,Engenheiro de software,01 Sep 2025
Matheus,Vellosa,https://www.linkedin.com/in/matheus-vellosa,,iFood,Software Engineer,31 Aug 2025
Luís Gustavo,de Oliveira,https://www.linkedin.com/in/lgustavodeoliveira,,Freelancer,Desenvolvedor de front end,31 Aug 2025
Gabriel,Goris,https://www.linkedin.com/in/gabriel-goris-239957251,,NewCAD,Desenvolvedor de software júnior,31 Aug 2025
Guilherme,Cardoso,https://www.linkedin.com/in/guilherme-cardoso17,,DevSquad,Engenheiro QA,31 Aug 2025
Guilherme,Alves Lindo,https://www.linkedin.com/in/guilherme-alves-lindo,,Alliage S/A.,Desenvolvedor de software júnior,31 Aug 2025
Gabriel,Almeida,https://www.linkedin.com/in/gabriel-almeida-3873a9243,,SCDATA,Desenvolvedor Full Stack     ,31 Aug 2025
Kauã,Lima,https://www.linkedin.com/in/kaualimadesouza,kaualimadesouza15@gmail.com,ASQ Capital,Software Developer,31 Aug 2025
Valfrides,Fernandes de Freitas,https://www.linkedin.com/in/valfrides-fernandes-de-freitas-279596236,,Prefeitura de Cubatão,Estagiário de tecnologia da informação,31 Aug 2025
Gustavo,Soares,https://www.linkedin.com/in/gustavo-s-755457225,,IBM,Software Developer,31 Aug 2025
Natan,Sanches,https://www.linkedin.com/in/natan-sanches,,Uber,Software Engineer,31 Aug 2025
Vidal Daniel,Cabrera Bernal,https://www.linkedin.com/in/vidal-daniel-cabrera-bernal-900774259,,Instituto de Pesquisas Eldorado,Apple Developer Academy,31 Aug 2025
Breno,Melo,https://www.linkedin.com/in/breno-melo-porcel,,INPE,Desenvolvedor de software Pleno,31 Aug 2025
Gustavo,Rezende,https://www.linkedin.com/in/gustavo-rezende-6695401b9,,Grupo Viseu,RPA Developer,31 Aug 2025
Luana,Musial,https://www.linkedin.com/in/musial-dev,,Foursys,Desenvolvedora Front-End,30 Aug 2025
Amanda,Fernandes,https://www.linkedin.com/in/amanda-fernandes-software-engineer,,Departamento de Ciência da Computação - UFMG,Undergraduate Student Researcher,30 Aug 2025
Eduardo,Lopes,https://www.linkedin.com/in/eduardo-m-lopes,,Itaú Unibanco,Estagiário de tecnologia,30 Aug 2025
Renato Tadeu,Theodoro Junior,https://www.linkedin.com/in/renatotheodoro,,BTG Pactual,Analista de software,30 Aug 2025
Bruno Henrique,Silva Pereira,https://www.linkedin.com/in/bruno-henrique-silva-pereira-74b7ab194,,Exati Tecnologia,Analista de Sistemas e Desenvolvimento - Junior II,30 Aug 2025
Lorenzo,Gomes ,https://www.linkedin.com/in/logomax15,,,,30 Aug 2025
Julia,Gloor,https://www.linkedin.com/in/julia-gloor-95806a372,,SENAI Campinas - Zerbini,Desenvolvedora de front-end,30 Aug 2025
Wanderson ,Marques,https://www.linkedin.com/in/wanderson-marques-junior,,PwC Brasil,Back-end Developer,30 Aug 2025
Rafael,Silva,https://www.linkedin.com/in/rafaelsouzasuns,,YUV - Your unlimited vision,Desenvolvedor de software,30 Aug 2025
Ana Beatriz ,Lobo,https://www.linkedin.com/in/ana-beatriz-lobo-0604ba36a,,Equinix,Estagiária de TI,30 Aug 2025
Allan,da Silva Pessin,https://www.linkedin.com/in/allan-da-silva-pessin-2b49701b6,,W3midia,Desenvolvedor full stack,30 Aug 2025
Caio,Brandini,https://www.linkedin.com/in/caiobrandini,,Agendor,Software Engineer for AI & Automations Pleno I,30 Aug 2025
Israel,Silva,https://www.linkedin.com/in/israelfesilva,,Google,Software Engineer,30 Aug 2025
Natã,Lomeu Fernandes,https://www.linkedin.com/in/natangaf,,BD Analytics,Desenvolvedor FullStack Pleno,30 Aug 2025
Julia,Frare,https://www.linkedin.com/in/julia-frare-628b64193,,Google,Engenheiro de software,30 Aug 2025
Rafael,Acioly,https://www.linkedin.com/in/rafaelacioly,,Grupo Boticário,Technical Lead,30 Aug 2025
Jonatã Roberto,Nascimento,https://www.linkedin.com/in/sdjonatanascimento,,,,30 Aug 2025
Sanmir,Cruz,https://www.linkedin.com/in/sanmir-cruz,,MPL Corporate Software,Desenvolvedor PaaS Júnior I,30 Aug 2025
Vitor,Jimenez,https://www.linkedin.com/in/vitorjimenez,,Porto,Engenheiro de software,30 Aug 2025
Lucca Augusto,Torres Tambor,https://www.linkedin.com/in/lucca-augusto-torres-tambor-2188b8184,,INDT - Instituto de Desenvolvimento Tecnológico,Desenvolvedor Backend,30 Aug 2025
Joao,Souza,https://www.linkedin.com/in/joao-souza-95aa41202,,Up.p,Engenheiro de software,30 Aug 2025
Guilherme,Tosi,https://www.linkedin.com/in/guitosi,,CUB,Data & Software Engineer,30 Aug 2025
Guilherme,Campos,https://www.linkedin.com/in/guiicampos,,Mercado Livre,Junior Software Developer,30 Aug 2025
Pedro Gabriel,dos Santos,https://www.linkedin.com/in/pedro-gabriel-dev,,CBA | Companhia Brasileira de Alumínio,Estágio de Engenharia de Projetos,30 Aug 2025
Jadno,Barbosa,https://www.linkedin.com/in/jadno-barbosa,,Elo7,Engenheiro de software júnior,30 Aug 2025
Rafael,Peres,https://www.linkedin.com/in/rperes-dev,,Mercado Livre Brasil,Software Engineer,30 Aug 2025
Bruno,Giacomini Volpe,https://www.linkedin.com/in/bruno-giacomini-volpe-4b895120b,,Cobli,Software Engineer,30 Aug 2025
David,Carlos,https://www.linkedin.com/in/david-carlos-lima,,MJV Technology & Innovation,Desenvolvedor de software,30 Aug 2025
Jacqueline,Bezerra,https://www.linkedin.com/in/jacquelinebezerra,,StormGeo,Front-End Developer Jr III | Desenvolvedora Front-End Jr III,30 Aug 2025
Carlos Henrique,Lima Melara,https://www.linkedin.com/in/carloshlmelara,,Magalu Cloud,Software Developer,30 Aug 2025
Leoni,Reis,https://www.linkedin.com/in/leonimeloo,,AutoU,Desenvolvedor full stack,30 Aug 2025
Renan,Melo,https://www.linkedin.com/in/renanlaramelo,renanlaramelo@gmail.com,T2C Group,Desenvolvedor RPA Júnior,30 Aug 2025
Lélio Marcos,Rangel Cunha,https://www.linkedin.com/in/leliomarcos,,Preditiva Inteligência Artificial,Backend Intern,30 Aug 2025
Luan,Vendt,https://www.linkedin.com/in/luanvendt,,Bitize,Analista de Sistemas Junior ||,30 Aug 2025
João,Cioffi,https://www.linkedin.com/in/joao-cioffi,,TMB,AI/ML Engineer,30 Aug 2025
Rodrigo,Camargo,https://www.linkedin.com/in/rodrigo-bcamargo,,Ebravo Consultoria,Desenvolvedor Fullstack,30 Aug 2025
Karine,Cerqueira,https://www.linkedin.com/in/karine-cerqueira-084917206,,Cielo,Estagiária em Ciência de Dados,30 Aug 2025
Ricardo, Junior,https://www.linkedin.com/in/ricardojunior02,,Grupo Amil,Analista de desenvolvimento PL,30 Aug 2025
Eduardo,Ribeiro Rodrigues,https://www.linkedin.com/in/eduardo-ws,,Black Belt Finance,Full-stack Developer,30 Aug 2025
Lucas,"Stankus, MSc",https://www.linkedin.com/in/lpstankus,,Uber,Software Engineer II,30 Aug 2025
Thierry, de Souza Araujo,https://www.linkedin.com/in/thierryara,,Prisma Tech,Desenvolvedor de back end,30 Aug 2025
Jardel,Jacomini,https://www.linkedin.com/in/deljdl,,Grupo THX,Analista Programador,30 Aug 2025
Eduardo,Rodrigues,https://www.linkedin.com/in/eduardo-rodrigues-726062102,,SoftwareONE Brasil,Web/Mobile Developer,30 Aug 2025
Guilherme,Vieira de Paiva,https://www.linkedin.com/in/guilhermevp,,Fireflies.ai,Senior Software Engineer,30 Aug 2025
Marcelo,Nascimento,https://www.linkedin.com/in/marcelo-nascimento-gomes,,Sofape Fabricante De Filtros,Operador de máquinas,30 Aug 2025
Mauricio,Casagrandi,https://www.linkedin.com/in/mauricio-casagrandi-1a3a16267,,MadeinWeb,Cientista de dados,30 Aug 2025
Adsow Vinicius,Freitas Batista,https://www.linkedin.com/in/adsow-vinicius-463a02208,,PSCA - Prima Sole Componentes Automotivos,Suporte N1 e Desenvolvedor — PSCA,29 Aug 2025
Lucas,Michel,https://www.linkedin.com/in/lucas-michel-a60a42199,,Forti Informática,Desenvolvedor web,29 Aug 2025
Davi,Santana,https://www.linkedin.com/in/davimoreiraprogrammer,,Tekna.Rocks,Software Developer,29 Aug 2025
Murilo,Falconeri,https://www.linkedin.com/in/murilo-falconeri-375090292,,Centro Universitário Eniac,Estagiário de desenvolvimento web,29 Aug 2025
Willian,Pinheiro,https://www.linkedin.com/in/willpinha,,Mercado Livre,Software Developer,29 Aug 2025
Bruno,Gabriel,https://www.linkedin.com/in/bruno-gabriel-justino,,Oreons IT,Desenvolvedor de software,29 Aug 2025
Isabely Fernanda,Bueno Vieira,https://www.linkedin.com/in/isabely-fernanda-bueno-vieira-537554236,,SPS Group,Desenvolvedor,29 Aug 2025
Julia,Cunha,https://www.linkedin.com/in/juliac-cunha,,elera,Jr Salesforce Developer,29 Aug 2025
Pedro,Dias,https://www.linkedin.com/in/pedrodias-dev,,Volcano Consultoria Estratégica e IA,Desenvolvedor de front-end,29 Aug 2025
Luan,V. Mendes,https://www.linkedin.com/in/luanvmendes,,BRQ Digital Solutions,Senior Software Developer,29 Aug 2025
Richard,Soares,https://www.linkedin.com/in/richardsoaress,,Santa Casa de São José dos Campos,Desenvolvedor php,29 Aug 2025
Jaine,Josiane Camargos Pego Santos,https://www.linkedin.com/in/jainejosiane,,Supera Inovação em Tecnologia,Desenvolvedor júnior,29 Aug 2025
Rafael,Tetzner,https://www.linkedin.com/in/rafael-tetzner,,SiDi,Secure Software Developer JR,29 Aug 2025
Daniel,Miguel,https://www.linkedin.com/in/daniel-miguel-h,,Automata Custom,Software Engineer,29 Aug 2025
Bruno,Rafael Medeiros Mateus,https://www.linkedin.com/in/bruno-rafael-medeiros-mateus-a63207284,,SPYing Segurança,Técnico de TI,29 Aug 2025
Luís Eduardo,Rozante,https://www.linkedin.com/in/lerozante,,Origin Games,Game Developer,29 Aug 2025
Fernanda,Freire,https://www.linkedin.com/in/freirefs,,Flytour BRW Serviços de Viagens,Analista de sistemas junior,29 Aug 2025
Alan,Araujo Rodrigues,https://www.linkedin.com/in/alanaraujo1995,,Starian,Desenvolvedor de software,29 Aug 2025
Vitor,da Silveira,https://www.linkedin.com/in/vit0r-silveira,,Inoa,Engenheiro de software,29 Aug 2025
Antônio,Prado,https://www.linkedin.com/in/antonioeprado,,Grupomax Tecnologia,Desenvolvedor de software,29 Aug 2025
João Paulo,Pereira da Silva,https://www.linkedin.com/in/jo%C3%A3o-paulo-pereira-da-silva-,,USPCodeLab,Conselheiro,29 Aug 2025
Wesley,Ferreira de Oliveira,https://www.linkedin.com/in/wesferoli,,WeFit - Digital Service Design,Desenvolvedor Front End,29 Aug 2025
Lara,Estefany,https://www.linkedin.com/in/lara-estefany,,NCI Innova,Desenvolvedor(a) Fullstack,29 Aug 2025
Guilherme,Lourenço,https://www.linkedin.com/in/guitld,,BTG Pactual,Data Scientist,29 Aug 2025
Gabriel,Kuabara,https://www.linkedin.com/in/gkuabara,,Amazon,Software Engineer,29 Aug 2025
Lucas,Miranda,https://www.linkedin.com/in/lucasgmm,,CTA Smart,Desenvolvedor de software fullstack,29 Aug 2025
Thiago,Menezes,https://www.linkedin.com/in/thi-mnz,,Bradesco,Analista de Sistemas Sênior,29 Aug 2025
Pedro Henrique,de Sousa Prestes,https://www.linkedin.com/in/pedro-henrique-de-sousa-prestes-67ab64302,,SEMCOMP - Semana da Computação da USP São Carlos,Organizador de eventos,29 Aug 2025
Lucas,Piovani,https://www.linkedin.com/in/lucas-piovani-6b1680145,,Ipiranga,Machine Learning Engineer Intern,29 Aug 2025
Rafael,Tury Minatel 🏳️‍🌈,https://www.linkedin.com/in/rafaelturyminatel,,gingalabs,Desenvolvedor de Software Full Stack Júnior III,29 Aug 2025
Renan,dos Reis Fernandes,https://www.linkedin.com/in/renan-dos-reis-fernandes-developer,,Fóton Informática S.A.,Desenvolvedor Java e angular,29 Aug 2025
Henrico,Lazuroz,https://www.linkedin.com/in/henrico-lazuroz,,Uber,Software Engineer II,29 Aug 2025
Lucas,Trevelin,https://www.linkedin.com/in/lucas-trevelin-309106141,,Venturus,Mid-level Web Developer - Front end | ReactJs,29 Aug 2025
Perimadson,Araujo Machado,https://www.linkedin.com/in/perimadson-araujo,,HKTC And Business Limited - Hong Kong,Analista de tecnologia,29 Aug 2025
Mateus,Juares Felipe,https://www.linkedin.com/in/mateus-juares-felipe-127079375,,ICMC Júnior,Programador de software,29 Aug 2025
Eduardo,Valença,https://www.linkedin.com/in/eduardo-valen%C3%A7a-84639222b,,Google,Software Engineer II,29 Aug 2025
Lorena,Serravallo da Silva,https://www.linkedin.com/in/lorenaserravallo,,Potato do Tio,Designer Multimídia – Redes Sociais e Panfletos,29 Aug 2025
Lúcio Paulo de,Paula ,https://www.linkedin.com/in/l%C3%BAcio-paulo-de-paula-bb771a3a,,Zoom Engenharia,Consultor sênior,29 Aug 2025
Bruno,Diniz Oliveira,https://www.linkedin.com/in/bruno-diniz-oliveira,,Metadil,Programador Full-Stack Júnior,29 Aug 2025
Erick ,Robert,https://www.linkedin.com/in/erickrobert,,Freelancer,Especialista em TI & Desenvolvedor | Soluções Digitais e Infraestrutura de Servidores,29 Aug 2025
Matheus,Vicente,https://www.linkedin.com/in/matheushrv,,Instituto de Pesquisas Eldorado,Artificial Intelligence Researcher Intern,29 Aug 2025
Ildemar ,Ribeiro,https://www.linkedin.com/in/ildemar-ribeiro-57a7169a,,Eu,Desenvolvedor,29 Aug 2025
Kássio,Barros,https://www.linkedin.com/in/kassiobarros,,Freelancer,Programador Full Stack,29 Aug 2025
Danilo,Almeida Damasceno,https://www.linkedin.com/in/daniloadamasceno,,RHA Recursos Hídricos e Ambientais Engenharia,Analista de Monitoramento  nível 2c,29 Aug 2025
Thais,Peichim,https://www.linkedin.com/in/thaispeichim,,Freelance / Autônomo,Consultor freelancer  AI Prompt Engineering & Automação,29 Aug 2025
Rafael,Magalhães,https://www.linkedin.com/in/rafael-magalh%C3%A3es-844759216,,Neoage,Desenvolvedor Full-Stack,29 Aug 2025
Erisson,de Oliveira,https://www.linkedin.com/in/erisson-de-oliveira,,NextRedPro,Membro de equipe técnica,29 Aug 2025
Gilson,De Jesus,https://www.linkedin.com/in/gilsondejesus,,GMJ CODE®,Founder & CEO,29 Aug 2025
Carolina,Monte Santo Barbosa,https://www.linkedin.com/in/carolina-monte-santo-barbosa-a11317374,,GRUPO ACONTRANS,Assistente de TI,29 Aug 2025
Douglas,O. Luciano,https://www.linkedin.com/in/douglasluciano2,,Softplan,Consultor de TI,29 Aug 2025
Rafael,Corrêa de Melo,https://www.linkedin.com/in/rafael-correa-de-melo,, Swide Soluções Digitais,Programador de software,29 Aug 2025
Jefferson,Brandão,https://www.linkedin.com/in/ojeffersonbrandao,,Autônomo,Desenvolvedor de software,29 Aug 2025
Julio cesar,Vieira,https://www.linkedin.com/in/julio-cesar-vieira-411465378,,Autônomo,Projetos acadêmicos,29 Aug 2025
Erika,Sugawara,https://www.linkedin.com/in/erika-sugawara,,FURUKAWA AUTOMOTIVE SYSTEMS INC.,Funcionário,28 Aug 2025
JOÃO,VICTOR,https://www.linkedin.com/in/jo%C3%A3o-victor-388a9536b,,,,28 Aug 2025
Natã,Botelho,https://www.linkedin.com/in/nata-botelho,,Banco Itaú,Software Engineer,28 Aug 2025
Lucas,Pires Cotta,https://www.linkedin.com/in/lucas-pires-cotta,,Kyndryl,Analista de suporte,28 Aug 2025
Matheus,Carvalho Raimundo,https://www.linkedin.com/in/mcarvalhor,,Canonical,Site Reliability Engineer,28 Aug 2025
Caroline ,Moto,https://www.linkedin.com/in/dev-caroline-moto,,Hospital Unimed Santa Bárbara d'Oeste e Americana,Enfermeira,28 Aug 2025
Nog,Code,https://www.linkedin.com/in/nogcode,,NogCode,Desenvolvedor de software,28 Aug 2025
Gabriel,S Pinheiro,https://www.linkedin.com/in/gabriel-s-pinheiro-0a937837b,,,,28 Aug 2025
Henrique,Cardoso,https://www.linkedin.com/in/ratzeiro,rickcardooso@outlook.com,Claranet Brasil,Service Desk Analyst Pl.,28 Aug 2025
Alice,Gomes,https://www.linkedin.com/in/alice-gomes-343304370,,Superintendência de Atenção à Saúde (SAS Seconci-SP OSS),Auxiliar administrativo,28 Aug 2025
Gabriel,Silva,https://www.linkedin.com/in/gabriel-silva-512194379,,Hcor,Jovem aprendiz,28 Aug 2025
Guilherme,Matias,https://www.linkedin.com/in/guilherme-matias-203870377,,GMG CORRETORA,Desenvolvedor,28 Aug 2025
Rodolfo,Meneguette,https://www.linkedin.com/in/rodolfo-meneguette-30287329,,Instituto de Ciências Matemáticas e de Computação (ICMC),Professor Associado ,28 Aug 2025
Richard,Sanches ,https://www.linkedin.com/in/richard-sanches-419a2a36b,,,,28 Aug 2025
Igor,S Silva,https://www.linkedin.com/in/igorsssilva,,,,28 Aug 2025
Nicolas,Moro,https://www.linkedin.com/in/devnicolas,,Freelancer,Desenvolvedor web front end,28 Aug 2025
João Pedro,Rodrigues Freitas,https://www.linkedin.com/in/joaoprf,,Cadmus Soluções em TI,Analista de Software I,27 Aug 2025
Italo,de Matos Saldanha,https://www.linkedin.com/in/italo-de-matos,,Centro de Pesquisas Avançadas Wernher von Braun ,Desenvolvedor de software,27 Aug 2025
Victor,Mordachini,https://www.linkedin.com/in/victor-mordachini,,Metrô de São Paulo,Jovem aprendiz - Manutenção,27 Aug 2025
Alisson,Ferreira da Luz,https://www.linkedin.com/in/alisson-ferreira-da-luz,,Hospital E Maternidade Nossa Senhora De Fatima,Analista de sistemas,27 Aug 2025
Marco,Antonio,https://www.linkedin.com/in/marco-developer,,Dotted.ai,Full-stack Developer,27 Aug 2025
Igor,Felipe,https://www.linkedin.com/in/igorfeleonel,,Freelancer,Desenvolvedor web,27 Aug 2025
Lucas,de Carvalho Rodrigues da Silva,https://www.linkedin.com/in/zsinx6,,RebelMouse,Senior Software Engineer,27 Aug 2025
Juliana,da Silva Santos 🏳️‍🌈,https://www.linkedin.com/in/juliana-santos1390,,Topaz,Full Stack Developer Intern,27 Aug 2025
Gustavo,Lenni,https://www.linkedin.com/in/gustavolenni,,Freelancer,Desenvolvedor full stack,27 Aug 2025
Luan Aparecido,Gomes de Avila ,https://www.linkedin.com/in/luan-aparecido-gomes-de-avila-784481210,,MAHLE,Soldador,27 Aug 2025
Victor Hugo,Rocha Villalobos,https://www.linkedin.com/in/vill4lobos,,Freelance,Desenvolvedor Web Python,27 Aug 2025
Sarah,Andrade,https://www.linkedin.com/in/sarah-andrade-b09451270,,Times Idiomas Trianon Masp,Supervisora,27 Aug 2025
Ezedin,Yassin,https://www.linkedin.com/in/syntaxdesigns,eazybel27@gmail.com,Imares Multi-Solutions ,Lead Software Developer,27 Aug 2025
Geovana,Aragão,https://www.linkedin.com/in/geovana-arag%C3%A3o-391b64211,,,,27 Aug 2025
Vinicius,Ladini,https://www.linkedin.com/in/viniciusladini,,COFAT Group,Materials Planner,27 Aug 2025
Edmar,Wantuil,https://www.linkedin.com/in/ed-wantuil,,PagBank,Software Engineer Specialist I,25 Aug 2025
Fernanda,Souza da Silva,https://www.linkedin.com/in/fernanda-souza-ti,,SESI - Serviço Social da Indústria,Assistente administrativo,23 Aug 2025
Gustavo,Grande,https://www.linkedin.com/in/gustavo-grande-44a705359,,FAPESP,Aluno de Iniciação Científica,14 Aug 2025
Elisa Yumi,Nakagawa,https://www.linkedin.com/in/elisa-yumi-nakagawa-757570272,,USP - Universidade de São Paulo,Associate Professor,10 Aug 2025
André,Guarnier De Mitri,https://www.linkedin.com/in/andre-de-mitri,,Iron Mountain,Associate Machine Learning Engineer,09 Aug 2025
Henrique,Monteiro,https://www.linkedin.com/in/henriquemonteiro-b1b9b9346,,Solidente Planos Odontológicos ,Analista de CRM Júnior ,09 Aug 2025
Gustavo Campos,de Mello Lopes,https://www.linkedin.com/in/gustavo-campos-de-mello-lopes-864217297,,Vitalcred,Auxiliar administrativo,09 Aug 2025
Gabriel,Ferezim Lindsiepe,https://www.linkedin.com/in/gabriel-ferezim-lindsiepe-a8a2ba28a,,Digigrow,Desenvolvedor Fullstack Jr,06 Aug 2025
Vinicios,Conceição de São José,https://www.linkedin.com/in/vinicios-c-b11856230,,Síntese Jr,Vendas e Back-end,06 Aug 2025
Alberto,Islas,https://www.linkedin.com/in/alberto-islas-2051a9101,,Infor,Senior Recruiter LATAM,06 Aug 2025
Rafael,Marinho,https://www.linkedin.com/in/fhaelmarinho,,Autônomo,Desenvolvedor Python,01 Aug 2025
Amanda,Adami,https://www.linkedin.com/in/amandacadami,,Gateware,Tech Recruiter Pleno,30 Jul 2025
Miller Matheus,Lima Anacleto Rocha,https://www.linkedin.com/in/anacletomiller,,Uber,Software Engineer,17 Jul 2025
Davi,Luz,https://www.linkedin.com/in/davi-luz-8b3717297,,INTESIS Brasil Tecnologia,Desenvolvedor de front-end,30 Jun 2025
Pedro,Eler,https://www.linkedin.com/in/pedroeler,,Planaltec Brasil,Desenvolvedor FullStack,24 Jun 2025
Lucas,de Souza Brandão,https://www.linkedin.com/in/sb-lucas,,RAIA - Rede de Avanço em Inteligência Artificial,Gerente de projetos,13 Jun 2025
Sthefanie,Monteiro,https://www.linkedin.com/in/sthefaniemonteiro,,Robert Half,Associate - Executive Search,07 Jun 2025
Leandro,Junior,https://www.linkedin.com/in/leandro-juniorr,leandrojunior2326@gmail.com,VanguardIA,Desenvolvedor de sistemas,04 Jun 2025
Maria Júlia,Soares De Grandi,https://www.linkedin.com/in/maria-julia-degrandi,,Google,Software Engineer II,02 Jun 2025
Gabriel,Barbosa,https://www.linkedin.com/in/gabsbarbosa,,USPCodeLab Sanca,President,24 May 2025
Gustavo,Barbosa,https://www.linkedin.com/in/gustavosb64,,Nubank,Software Engineer Intern,22 May 2025
Maria Rita,G C Hott,https://www.linkedin.com/in/maria-rita-g-c-hott-952111326,,EESC-USP Formula SAE,Head of Electronics - Data Acquisition,14 May 2025
Francisco,Monaco,https://www.linkedin.com/in/drmoaco,,Universidade de São Paulo,Professor,05 May 2025
Gustavo,Augusto,https://www.linkedin.com/in/gustavoaugustogaao,,Grupo CEI - Energia e Infraestrutura,Ajudante ,02 May 2025
Victor,Lutes,https://www.linkedin.com/in/victor-lutes-2a7051245,,Google,Software Engineer,01 May 2025
Rafael,Mendes,https://www.linkedin.com/in/rafaelmendeslopes,,RAJ TECNOLOGIA,Estagiário de desenvolvimento,30 Apr 2025
Daniel,Neres Rodrigues,https://www.linkedin.com/in/daniel-neres-rodrigues,,WKS Tec,AI Engineer | Sofware Developer,29 Apr 2025
Luiz,Carlos de Campos Junior,https://www.linkedin.com/in/luiz-carlos-de-campos-junior,,Freelancer,Programador Front-end,27 Apr 2025
Luiz Eduardo,da Silva,https://www.linkedin.com/in/luizeduardodasilva,,Universidade de São Paulo,Pesquisador em Gestão de Projetos Ágeis | Bolsista PUB,27 Apr 2025
Gabriela Catharine,Andreatta,https://www.linkedin.com/in/gabriela-andreatta-tech,,OrbiTechDev,Gestora de Projetos de TI e Desenvolvedora Front End ,27 Apr 2025
Matheus,Inácio da Silva,https://www.linkedin.com/in/matheus-in%C3%A1cio-da-silva-02a6aa2b6,,Nipo Center Atacadista,Auxiliar de Expedição,26 Apr 2025
João Pedro,Alves Notari Godoy,https://www.linkedin.com/in/joaopgodoy,,International Development Research Centre (IDRC),Aluno pesquisador,24 Apr 2025
João Gabriel,Rocha Cerqueira,https://www.linkedin.com/in/jo%C3%A3o-gabriel-rocha-cerqueira-b2705a292,,Unimed Guarulhos,Jovem aprendiz,24 Apr 2025
Sofhia,de Souza Gonçalves,https://www.linkedin.com/in/sofhiasouza,,Brex,Software Engineer II,23 Apr 2025
Felipe,Freitas,https://www.linkedin.com/in/fellipefreittas,,Itaú Unibanco,Analista de Modelagem Sr,23 Apr 2025
Gabriel,Lima,https://www.linkedin.com/in/gabriel-lima-ba78a2128,,Bleik,Engenheiro de software,22 Apr 2025
Matheus,Ferreira,https://www.linkedin.com/in/matheusf3r,,Elabbora,Desenvolvedor FullStack Junior,22 Apr 2025
David Felipe,Velasquez Contreras,https://www.linkedin.com/in/david-felipe-velasquez-contreras-72216b263,,Callbook AI,Software Engineer,22 Apr 2025
Jeniffer,Santos,https://www.linkedin.com/in/jeniffer-santos-671509207,,Concentrix,Analista de Métricas Sênior - WFM,22 Apr 2025
Matheus,Ferreira,https://www.linkedin.com/in/matheus-ferreira-a22310344,,FUNDIÇÃO FERBRONZE,Assistente de TI,22 Apr 2025
Victor,Stelzer Machado,https://www.linkedin.com/in/victor-stelzer-machado-6b8a43253,,,,21 Apr 2025
Adalton,Almeida,https://www.linkedin.com/in/adalton-sena-filho,,Griaule,Product Manager Trainee,21 Apr 2025
Kauã,Silva,https://www.linkedin.com/in/kauaandradesilva,,,,18 Apr 2025
Alexandre,Delbem,https://www.linkedin.com/in/alexandre-delbem-3147411a,,ICMC-USP,Full Professor,18 Apr 2025
Erik,Vilar,https://www.linkedin.com/in/deverik,,Peixoto Atacadista,Analista de sistemas,17 Apr 2025
Lucas,Pereira,https://www.linkedin.com/in/pereira-lucas-br,,CERC,Software engineer,15 Apr 2025
Primo,Melaré,https://www.linkedin.com/in/primo-melar%C3%A9-7bba50113,,Senai São Paulo,Especialista em tecnologia - Empreendedorismo,15 Apr 2025
Arthur,Juwer Rambo,https://www.linkedin.com/in/arthurjuwer,,Senac RS,Presidente do grêmio estudantil,15 Apr 2025
Zdzisław,Kochański,https://www.linkedin.com/in/zdzislaw-kochanski,,ZDZCode,CEO,14 Apr 2025
Gabriel,Fernandes,https://www.linkedin.com/in/gabriel-fernandes-2582b3274,,Impecável,Aprendiz de TI,13 Apr 2025
Ryan,Souza,https://www.linkedin.com/in/ryan25,,Nubank,Associate Software Engineer ,12 Apr 2025
Pablo ,Mendes,https://www.linkedin.com/in/p8pablo,,iFood,Engenheiro de software,12 Apr 2025
Isabela,Farias,https://www.linkedin.com/in/isabelabfarias,,SEMCOMP - Semana da Computação da USP São Carlos,Membro,11 Apr 2025
Jhonatan,Serafim,https://www.linkedin.com/in/jhonatan-serafim-1a5706261,,Freelancer,Desenvolvedor de front-end,11 Apr 2025
Pedro,Sampaio,https://www.linkedin.com/in/pedro-tuquim,,FourCoders,CEO & Founder,11 Apr 2025
Nathália,Silva,https://www.linkedin.com/in/nath%C3%A1lia-silva-470aab192,,Accenture Brasil,Tech Recruiter Pleno ,11 Apr 2025
Gustavo,Almeida,https://www.linkedin.com/in/gustavo-almeida-bb1088264,,Proton,Fundador,11 Apr 2025
Ana Vitória,Araújo ,https://www.linkedin.com/in/ana-vit%C3%B3ria-ara%C3%BAjo-3b3b95284,,Detran MT - Departamento Estadual de Trânsito do Estado de Mato Grosso,Estagiário Assistente administrativo,10 Apr 2025
Sebastian,Kapelius,https://www.linkedin.com/in/sebastian-kapelius-198a54102,,Embraer,Product Development Engineer,10 Apr 2025
Luana,Duarte,https://www.linkedin.com/in/luanaparecidaduarte,,Samba,Analista de suporte,09 Apr 2025
Samuel,do Prado Rodrigues,https://www.linkedin.com/in/samuel-do-prado-rodrigues,,"Instituto Federal de Educação, Ciência e Tecnologia de São Paulo - IFSP",Assistente em sala de aula,09 Apr 2025
Maria Fernanda,L Mello,https://www.linkedin.com/in/maria-fernanda-mello-,,BTG Pactual,IT Analyst,08 Apr 2025
Luan,Dias de Ávila,https://www.linkedin.com/in/luan-dias-de-%C3%A1vila-09075a31a,,,,04 Apr 2025
Lucas,Araujo,https://www.linkedin.com/in/lucas-araujo-677575282,,Ka Solution,Auxiliar de suporte técnico,04 Apr 2025
Felipe,Oluwaseun Santos Ojo,https://www.linkedin.com/in/felipeosantosojo,,,,04 Apr 2025
Murillo,Vinícius,https://www.linkedin.com/in/murillou,,PBSoft,Desenvolvedor back end,03 Apr 2025
Dave,Leonardo,https://www.linkedin.com/in/davewebdeveloper,,Braavo! E-commerce,Front-end Developer,03 Apr 2025
Francisco Eugênio,Wernke,https://www.linkedin.com/in/francisco-eugenio-wernke,,Enter (antes Talisman),Front-end Software Engineer,03 Apr 2025
Guilherme,Sousa Panza,https://www.linkedin.com/in/guilherme-sousa-panza-16a021267,,Amazon,Software Developer Engineer Intern,02 Apr 2025
Julia,Cavallio Orlando,https://www.linkedin.com/in/julia-cavallio-orlando-35571b290,,"Projeto ""meninas programadoras""",Monitor,02 Apr 2025
Thiago Emanuel,Correia Heckler,https://www.linkedin.com/in/thiago-emanuel-correia-heckler,,Master contabilidade,Assistente de contabilidade,01 Apr 2025
Christyan,Paniago Nantes,https://www.linkedin.com/in/christyan-nantes,,SEMCOMP - Semana da Computação da USP São Carlos,Membro da frente de Patrocínio,31 Mar 2025
Alex,Rickey Winland,https://www.linkedin.com/in/alexwinland,,Hotel Orla Guest House,Administrative Manager,31 Mar 2025
Pedro Sérgio Palmieri de,Almeida,https://www.linkedin.com/in/pedro-sergio-de-almeida-967b7514a,,Compass UOL,Analista Desenvolvedor Sênior | Arquiteto de Soluções e Software Compass UOL ,31 Mar 2025
Riane,Ferreira Menezes,https://www.linkedin.com/in/rianeferreira,,IGEDES,Jovem aprendiz,31 Mar 2025
Henrique,Simplicio Rodrigues,https://www.linkedin.com/in/henrique-simplicio-rodrigues-5024b01b4,,MAHLE,Estagiário de engenharia de desenvolvimento de processos,31 Mar 2025
Alexandre,Junior,https://www.linkedin.com/in/alexandre-j-4294b41b4,,Barte,Product Engineer,31 Mar 2025
Rayra,C. Mota,https://www.linkedin.com/in/rayra-c-mota,rayracmota@hotmail.com,Freelance,Desenvolvedor front-end,31 Mar 2025
Amanda,Castro,https://www.linkedin.com/in/amanda-n-castro,,waffle,Full Stack Developer,31 Mar 2025
Gabriel,Romeiro,https://www.linkedin.com/in/gabriel-romeiro-3209b5230,,C-Trends BPO!,Coordenador de Operações e Processos,31 Mar 2025
Lucas,V. Candolo,https://www.linkedin.com/in/lucas-vcandolo,,"Instituto Federal de Educação, Ciência e Tecnologia de São Paulo - IFSP",Monitor Estudantil,31 Mar 2025
Antonio,"Finizola, MSc.",https://www.linkedin.com/in/tominhasbr,,Accountfy,Desenvolvedor backend sênior,31 Mar 2025
Ricardo,Marcacini,https://www.linkedin.com/in/marcacini,,Instituto de Ciências Matemáticas e de Computação (ICMC) - USP,Professor,30 Mar 2025
Vicenzo,D'Arezzo,https://www.linkedin.com/in/vicenzo-d-arezzo-7148b4270,,Xmobots,Engenharia de Software Embarcado,30 Mar 2025
Victor,Zacarias,https://www.linkedin.com/in/victor--zacarias,,Uber,Estagiário de engenharia de software,30 Mar 2025
Laura,Barbosa,https://www.linkedin.com/in/lauradebarbosa,,Alyx,Product Engineer,30 Mar 2025
Moisés,Lopes,https://www.linkedin.com/in/moises-e-lopes,,Freelancer,Desenvolvedor Full Stack Web,30 Mar 2025
Gláuber,Ricardo,https://www.linkedin.com/in/glauber-ricardo,,,,30 Mar 2025
Diego,Maiochi,https://www.linkedin.com/in/diego-maiochi-880519230,,Grupo Irrah,Analista de suporte,30 Mar 2025
Kennedy,Sevilha,https://www.linkedin.com/in/kennedysevilha,,Grupo Travelex Confidence,Estagiário Segurança da Informação,29 Mar 2025
Mateus,Emanuel,https://www.linkedin.com/in/mateus-emanuel-4570201a0,,Brasibras,Auxiliar de escritório,29 Mar 2025
Arnaldo,Machado,https://www.linkedin.com/in/fisico-usp-br,,Alpha Dev I T Solutions,Systems Software Engineer,29 Mar 2025
Leonardo,Rodrigues Santos,https://www.linkedin.com/in/leonardozz7,,Cummins Brasil Ltda.,Aprendiz de qualidade,29 Mar 2025
Henrique,Matheus Roos,https://www.linkedin.com/in/henrique-matheus-roos,,Senior Sistemas,Software Developer,29 Mar 2025
João Victor,Melo,https://www.linkedin.com/in/jo%C3%A3ovictormelo1508,,Universidade Cruzeiro do Sul,Aluno ,29 Mar 2025
Jessyca,Oliveira,https://www.linkedin.com/in/jessycaoliveiraa,,Unità Engenharia,Analista de qualidade,29 Mar 2025
Victor,Alexandre,https://www.linkedin.com/in/devbyvictor,,Camaro Apps,Analista de TI,29 Mar 2025
Maykon,Sousa,https://www.linkedin.com/in/maykonsousa,,Mercado Livre,Software Engineer ,29 Mar 2025
Lucas,Gomes ,https://www.linkedin.com/in/lucas-dev-gomes,,TOTVS,Desenvolvedor full stack,29 Mar 2025
Júlio,Oestreich,https://www.linkedin.com/in/julionarciso,juliocnarciso@hotmail.com,Cervejaria Ambev Gran Dourados,Analista de Inovação,29 Mar 2025
Anderson,weber,https://www.linkedin.com/in/andersonwww,,Magazine Luiza,Engenheiro de software,29 Mar 2025
Nicholas,Ikai,https://www.linkedin.com/in/nicholas-ikai-823253252,,Griaule,Product Manager Trainee,29 Mar 2025
Pedro Henrique,Fonseca Melo,https://www.linkedin.com/in/pedrohfonsecamelo,,Sox Consult,Auxiliar T.I ,28 Mar 2025
Arthur,Escobar Inda Ramos,https://www.linkedin.com/in/arthurescobarramos,,Reabilitare Fisioterapia,Recepcionista,28 Mar 2025
Afonso,Silva,https://www.linkedin.com/in/afonso-silva-510b9833b,,Autônomo,Técnico de TI,28 Mar 2025
Felipe ,Oliveira Carvalho,https://www.linkedin.com/in/felipe-oliveira-carvalho-9b6b52285,,Venturus,Back End Developer,28 Mar 2025
Fernando,Galvão,https://www.linkedin.com/in/ffernandogallvao,,Vitlog Transportes,Auxiliar de Frota,28 Mar 2025
Lucas,Ineth,https://www.linkedin.com/in/lucas-ineth,,,,28 Mar 2025
Thiago Henrique,Vicentini,https://www.linkedin.com/in/thenrique-vicentini,,Google,Software engineer II,28 Mar 2025
Lucas,Rodrigues,https://www.linkedin.com/in/iucasrodrigues,,RPS - Real Property Solution,Analista de operações,28 Mar 2025
Pedro ,Passos,https://www.linkedin.com/in/pedrohspassos,,Cielo,Estagiário em Automação de Testes,28 Mar 2025
Francisco,Gonçalves Junior de Castro,https://www.linkedin.com/in/francisco-gon%C3%A7alves-junior-de-castro-871aa031,,,,28 Mar 2025
Guilherme,Maccali,https://www.linkedin.com/in/guilhermemaccali,guimaccali@gmail.com,Everest Plat,Engenheiro de Software Compliance de Plataformas Digitais,27 Mar 2025
Willians,Costa Paulino,https://www.linkedin.com/in/willianscostapaulino,,GFT Technologies,Desenvolvedor de software,27 Mar 2025
Bernardo de,Araujo,https://www.linkedin.com/in/bernardo-baraujo,,Vale,Intern,27 Mar 2025
Evillyn,Milena,https://www.linkedin.com/in/evillyn-milena,,TOTVS,Analista de desenvolvimento de software,27 Mar 2025
Felipe,Pinho Ramos,https://www.linkedin.com/in/felipe-pinho-ramos-2111351a0,,Blue Technology,Estagiário,27 Mar 2025
Julia,Ribeiro,https://www.linkedin.com/in/julia-cribeiro,,Taqtile,Desenvolvedor de front-end,27 Mar 2025
Raone,Souza,https://www.linkedin.com/in/raonesouza,,Hyundai Andreta,Auxiliar administrativo,27 Mar 2025
Allas,Assis,https://www.linkedin.com/in/allasassis,,TQI,Engenheiro de Software | Java & Kotlin,27 Mar 2025
Carlos,Lima,https://www.linkedin.com/in/carlos-eduardo-silva-souza-lima,,Núcleo de Inovação e Tecnologia (NITE) - UNIJORGE,DevOps Engineer,27 Mar 2025
Giancarlo,Pagliarini,https://www.linkedin.com/in/giancarlo-pagliarini,,Eshows,Desenvolvedor Full Stack Pleno,27 Mar 2025
John,Ferreira,https://www.linkedin.com/in/21john,,Hexa Consulting,.NET Developer,27 Mar 2025
Vítor,Cavalcante Souza,https://www.linkedin.com/in/vitorcavalcantesouza,,Santos Port Authority,Estagiário de Suporte Técnico em TI,27 Mar 2025
Alisson ,Kelvin de Carvalho,https://www.linkedin.com/in/alisson-kelvin-de-carvalho-9a7541199,,ELIS,Analista de teste/QA,27 Mar 2025
Matheus,Azevedo,https://www.linkedin.com/in/matheus-fazevedo,,Itaú Unibanco,Analista Engenharia Plataforma TI Jr,27 Mar 2025
Rodrigo,Avelões,https://www.linkedin.com/in/rodrigo-avel%C3%B5es,,A5 Solutions,Desenvolvedor Front end pleno ,27 Mar 2025
Victor,Galvão,https://www.linkedin.com/in/victor-mercante,,CET -  Companhia de Engenharia de Tráfego,Infraestrutura de rede ,27 Mar 2025
Caique,Gomes,https://www.linkedin.com/in/cttcaiquegomes,,ACRILEX TINTAS ESPECIAIS S.A.,Logistics Assistant,27 Mar 2025
Matheus,Zago Bestana,https://www.linkedin.com/in/matheusbestana,,Cotefácil,Web Developer,27 Mar 2025
Vítor,Fróis,https://www.linkedin.com/in/vitorfrois,,USP - Universidade de São Paulo,Teaching Assistant,27 Mar 2025
Renato,Carvalho,https://www.linkedin.com/in/silva-renato-carvalho,,Solutis Tecnologias,Software Developer II,27 Mar 2025
Isabela ,Brendel ,https://www.linkedin.com/in/isabela-brendel-554678214,,Amazon,Business Analyst Intern,27 Mar 2025
Paulo Roberto,Chahuara Vargas,https://www.linkedin.com/in/paulo-chahuara,,OSIPTEL Oficial,Líder Técnico en la Coordinación de Investigaciones Económicas,27 Mar 2025
Yuri,Lima,https://www.linkedin.com/in/yuri-lima-developer,,Freelancer,Desenvolvedor web front end,27 Mar 2025
Marcelo,Freires,https://www.linkedin.com/in/marcelosfreires,,Itaú Unibanco,Analista de dados Jr.,27 Mar 2025
Shinji,Nobre,https://www.linkedin.com/in/shinjinobre,,SPC Brasil,Intern of Business Analytics,26 Mar 2025
Helio,Marcio,https://www.linkedin.com/in/helio-marcio,,Ganesh - ICMC,Membro,26 Mar 2025
Duane,Faria,https://www.linkedin.com/in/duane-faria,,Halliburton,Engenheiro de software,26 Mar 2025
Camila,Donda,https://www.linkedin.com/in/camila-donda-43161a224,,Magazine Luiza,Data Scientist,26 Mar 2025
Willian,Rocha 🎗,https://www.linkedin.com/in/willian-rocha-dev,,Multfacil Comercial,Desenvolvedor Fullstack Sênior,26 Mar 2025
Luísa,Shimabucoro,https://www.linkedin.com/in/lushimabucoro,,RAIA - Rede de Avanço em Inteligência Artificial,Board Chair (on leave),26 Mar 2025
Luís Henrique,Dantas,https://www.linkedin.com/in/luishenriquedantas,,Uber,Software Engineer,26 Mar 2025
Felipe,Gomes,https://www.linkedin.com/in/imfelipegomes,,Futura Import,Analista de E-commerce Pleno/Sênior,26 Mar 2025
Daniel,Mesquita,https://www.linkedin.com/in/danielgmesquita,,EUROPEAN DYNAMICS,Software Engineer,26 Mar 2025
Larissa,Azevedo,https://www.linkedin.com/in/larissasazevedo,,TOTVS,Senior Frontend Engineer,26 Mar 2025
André,Matsumoto,https://www.linkedin.com/in/amatsuu,,Shopee,Software Engineer,26 Mar 2025
André,Davedovicz Dettmer,https://www.linkedin.com/in/andredavedovicz,,SMAN - Gestão de Manutenção,Senior Fullstack Software Engineer,26 Mar 2025
Sarah,Pratinha,https://www.linkedin.com/in/sarahpratinha,,Instituto Algar,Aprendiz,26 Mar 2025
Gustavo Gabriel,Ribeiro,https://www.linkedin.com/in/gustavo-gabriel-ribeiro-200a83279,,A*STAR Institute for Infocomm Research (A*STAR I²R),AI Research Scientist,26 Mar 2025
Fernando Alee,Suaiden,https://www.linkedin.com/in/fernando-alee-suaiden-74243a238,,ICMC Júnior,Vice-presidente,26 Mar 2025
Douglas da,Fontoura Pereyra,https://www.linkedin.com/in/douglas-da-fontoura-pereyra,,ICMC Júnior (Empresa Júnior de Tecnologia da USP),Sales Team Member,26 Mar 2025
Fabio Henrique,Alves Cavaleti,https://www.linkedin.com/in/fabio-cavaleti,,dtLabs,Pesquisa e Desenvolvimento em Visão Computacional,26 Mar 2025
Pedro,Cunha,https://www.linkedin.com/in/pedro98cunha,,Logplex Software Ltda.,Desenvolvedor web front end,26 Mar 2025
Fernando,Osório,https://www.linkedin.com/in/fernando-osorio-usp,,C4AI - Center for A.I. # USP+IBM+FAPESP Brazil,Executive Board and Outreach Coordinator,26 Mar 2025
Lina,Garcés,https://www.linkedin.com/in/linagarcesphd,,GRACE ICMC-USP,Coordinator,26 Mar 2025
Gabriel,Abreu,https://www.linkedin.com/in/gabriel-abreubr,,CNPq,Undergraduate Research Fellow,26 Mar 2025
Daniel,Lima,https://www.linkedin.com/in/danieldossantoslima,,Tip Toe Discovery,Portuguese Teacher (Middle and High School),26 Mar 2025
Diego,Moraes,https://www.linkedin.com/in/diegomoraes,,IA Sense,Cofundador e COO,26 Mar 2025
Kalinka,Castelo Branco,https://www.linkedin.com/in/kalinka-castelo-branco-2b184718,,ICMC-USP,Professor,25 Mar 2025
Camilla,Macedo,https://www.linkedin.com/in/camilla-macedo-8a0932357,,,,25 Mar 2025
Renato,Lins,https://www.linkedin.com/in/renatolinsjr,,Mercado Livre,Senior Software Engineer,25 Mar 2025
Flavio,Ippolito Vasini,https://www.linkedin.com/in/flavio-vasini,,,,25 Mar 2025
Bernardo ,Marques ,https://www.linkedin.com/in/bernardo-marques-costa,,Uber,Data Engineer,25 Mar 2025
Matheus,Bermudes Viana,https://www.linkedin.com/in/matheusbermudes,,Google,Software Engineer,25 Mar 2025
JULIA,NÓGUES CIACCO,https://www.linkedin.com/in/julia-n%C3%B3gues-ciacco-8252a232b,,Equipe de Robótica TROIA,Membro de eletrônica e programação,25 Mar 2025
Andressa,Santos,https://www.linkedin.com/in/andressa-santos-ab2881169,,IBM,Test Specialist,25 Mar 2025
William,Moraes,https://www.linkedin.com/in/william-moraes-ios,,SOUTH SYSTEM,Senior iOS Enginner,25 Mar 2025
Gabriel,Merlin,https://www.linkedin.com/in/gabrielcmerlin,,RAIA - Rede de Avanço em Inteligência Artificial,Project Manager,25 Mar 2025
Laura,Neri,https://www.linkedin.com/in/lauranerit,,Centro de Robótica da USP - CROB,Member of Scientific Dissemination,25 Mar 2025
,,,,,,25 Mar 2025
Mateus,Carriel,https://www.linkedin.com/in/mateus-carriel-33b533212,,Outlier,Testador de software,25 Mar 2025
Rodrigo,Rodrigues de Castro,https://www.linkedin.com/in/rodrigorcz,,Zenith Aerospace,Software Developer Manager,25 Mar 2025
Lucas,Sales Duarte,https://www.linkedin.com/in/lucassalesduarte026,,CNPq,Undergraduate Researcher,25 Mar 2025
Eduardo,Alvarenga,https://www.linkedin.com/in/ealvarenga,,NúcleoTech,Analista de TI,25 Mar 2025
Arthur,Ramos,https://www.linkedin.com/in/arthur-trottmann-ramos,,DATA,Membro do DATA,25 Mar 2025
Marco Antonio,Sanches Anastácio,https://www.linkedin.com/in/marco-antonio-sanches-anast%C3%A1cio-601b9123,,Universidade Cruzeiro do Sul,Coordenador de Área dos cursos de Computação e Informática ,25 Mar 2025
Lázaro,Vinaud,https://www.linkedin.com/in/lazaro-vinaud,,Universidade de São Paulo,Pesquisador PUB - Iniciação Científica,25 Mar 2025
Danielle,Modesti,https://www.linkedin.com/in/danimodesti,,Icaro Tech,Estagiário em Desenvolvimento Full Stack ,25 Mar 2025
Matheus,Lima Alves,https://www.linkedin.com/in/dev-matheus-lima,,PORTALGOV SOLUCOES TECNOLOGICAS LTDA,Montador eletrônico,25 Mar 2025
Wagnysson,Moura,https://www.linkedin.com/in/wagnysson,,Itaú BBA,Analytics Jr,25 Mar 2025
Melissa,Motoki Nogueira,https://www.linkedin.com/in/melissa-motoki-nogueira,,Loadsmart,Full Stack Engineer,25 Mar 2025
Isabelle,de Moraes Ataliba,https://www.linkedin.com/in/isabelledemoraesataliba,,BeeData (IME-USP),Membro,25 Mar 2025
Caio ,Gama,https://www.linkedin.com/in/caio-gama-3a8859226,,IBM,Research Software Engineer,25 Mar 2025
Rafael,de Almeida,https://www.linkedin.com/in/rafaeldealmeida9,,Asaas,Software Engineer Intern,25 Mar 2025
Mayara,Pinheiro,https://www.linkedin.com/in/mayapin,,Amazon,Software Development Engineer I,25 Mar 2025
Rafael,"Moura, PhD, USP",https://www.linkedin.com/in/rafael-moura-phd-usp-a628a5276,,Outlier,AI tutor - Coding expert,25 Mar 2025
Miguel,Henriques,https://www.linkedin.com/in/miguelbhenriques,,BTG Pactual,Software Engineer,25 Mar 2025
Leticia,Barbosa Neves,https://www.linkedin.com/in/leticia-bneves,,Uber,Engenheira de software,25 Mar 2025
Felipe,Skubs Oliveira,https://www.linkedin.com/in/felipe-skubs-oliveira,,Brasil Agritest - Agricultural R&D Company ,Engenheiro de software,25 Mar 2025
Rafael,Conrado,https://www.linkedin.com/in/rafael-conrado-8b7877252,,Stone,Estagiário em Análise de Dados e Automações - Gestão de Capital,25 Mar 2025
Enzo,Harada,https://www.linkedin.com/in/enzo-harada-73aba2197,,SCDATA,Estagiário em Desenvolvimento Full Stack,25 Mar 2025
Leonardo,Marangoni,https://www.linkedin.com/in/leonardomarangoni,,BTG Pactual,Summer Intern,25 Mar 2025
Guilherme,Ferreira,https://www.linkedin.com/in/guilhermeferreira577b72b1,,,,25 Mar 2025
José,Carlos Andrade do Nascimento,https://www.linkedin.com/in/jose-carlos-andrade-do-nascimento,,Orasis Holding,Golang Backend Developer | Intern,25 Mar 2025
Ruan,Victor,https://www.linkedin.com/in/ruanvictorsx,,GEOSOL Geologia e Sondagens S.A.,Aprendiz administrativo ,25 Mar 2025
Marcelo,Rodrigues,https://www.linkedin.com/in/marcelo-santosrodrigues,,Freelance,Back End Developer,25 Mar 2025
Matheus,Freitas,https://www.linkedin.com/in/mgsoutodelira,,INTERAS Tecnologia,Software Engineer ,25 Mar 2025
Hugo,Da Silva Bertoncelo,https://www.linkedin.com/in/hugobertoncelo,,Freelancer,Desenvolvedor Front-end,25 Mar 2025
Matheus,Lima,https://www.linkedin.com/in/mfolimacybersecurity,,Polypus Labs - Hacker Club,Voluntário | Pesquisa e Desenvolvimento em Cibersegurança Ética,25 Mar 2025
Gabriel,Ferreira Rodrigues,https://www.linkedin.com/in/gabriel-ferreira-rodrigues-546126287,,XP Inc.,Jovem Aprendiz,25 Mar 2025
Eduardo,Ângelo,https://www.linkedin.com/in/eduardoangelodev,,Departamento de Ciência e Tecnologia do Exército Brasileiro,Desenvolvedor Front-End | Angular | RxJS,25 Mar 2025
Matheus,Santos,https://www.linkedin.com/in/matheus-santos-a5b3b019a,,Aramis,Software Engineer,25 Mar 2025
Wilker,Guimarães,https://www.linkedin.com/in/wilkerguimaraes,,Freelance :: Self Employed,Desenvolvedor Front end | React | TypeScript | Node.js | Jest | frontend,25 Mar 2025
Alisson,Teles Fraga,https://www.linkedin.com/in/alissontelesfraga,,Lanchonete Doce Sabores,Recepcionista,24 Mar 2025
Luiz Oliveira,Lobo,https://www.linkedin.com/in/lui-lobo,,Triibo,Mid-level Back-end Developer | Typescript | Redis | ElasticSearch,24 Mar 2025
Gabriele,Rodriguês,https://www.linkedin.com/in/gabriele-rodrigu%C3%AAs-029695198,,MAHLE,Assistente de Compras de Projetos,24 Mar 2025
Wagner,Azevedo,https://www.linkedin.com/in/wagnermazevedo,,T-Systems do Brasil,Cloud Security Manager,24 Mar 2025
Tiago,de Oliveira Pereira,https://www.linkedin.com/in/tiago-de-oliveira-pereira,,GLOBAL HITSS ,Supervisor de operações,24 Mar 2025
Anne,Monteiro,https://www.linkedin.com/in/anne-monteiro-365a3b346,,Aurora Coop,Assistente de logística,24 Mar 2025
Rafhael,Lopes,https://www.linkedin.com/in/rafhael-lopes,,Restaurante Varanda ,Administrative Assistant,24 Mar 2025
juscelino,moreira,https://www.linkedin.com/in/juscelino-moreira-36220121,,Basis Tecnologia da Informação S.A.,Engenheiro de software sênior,24 Mar 2025
Allison,Ferreira,https://www.linkedin.com/in/allison-f-46291ab2,,Frontend Developer,Analista de suporte de TI | Desenvolvedor Frontend,24 Mar 2025
Nicolas,Antônio,https://www.linkedin.com/in/nicolasantonioa,,,,24 Mar 2025
Natan,Taques,https://www.linkedin.com/in/natantaques,,eNe Soluções,Engenheiro de software,24 Mar 2025
Michel,Correa,https://www.linkedin.com/in/michel-correa-dev,,Autônomo,Frontend Developer,24 Mar 2025
Kauã,Alves,https://www.linkedin.com/in/kau%C3%A3-alves-001753313,,Mazzaferro Indústria e Comércio de Produtos para Pesca S/A,Estagiário de TI,24 Mar 2025
Thomas ,Edson,https://www.linkedin.com/in/thomas-edson-dev,,CroSoften,Desenvolvedor Front End | Angular | Sass | Angular Material |  RxJs | TailwindCss,24 Mar 2025
Gabriela ,Fernandes Rocha Sales ,https://www.linkedin.com/in/gabriela-fernandes-rocha-sales-130b09215,,Libbs Farmacêutica,Assistente de Atração e Captação de Talentos ,24 Mar 2025
Gustavo,Souza,https://www.linkedin.com/in/gustavo-souza-b7b247311,,Konecta,Agente de call center,24 Mar 2025
Raphael Durao,Senos de Campos,https://www.linkedin.com/in/raphadurao,,Bigpark,Assistente de encarregado,24 Mar 2025
Matheus,Bastos,https://www.linkedin.com/in/maatheusbastos,,CEAP - Centro Educacional Assistencial Profissionalizante,Desenvolvedor Fullstack,24 Mar 2025
Nayara,Karine,https://www.linkedin.com/in/nayarakarine-silva,,ProBrain I Afinando o Cérebro,Estagiário(a) em Desenvolvimento Front-End ,24 Mar 2025
Daiane Aparecida,Ferreira,https://www.linkedin.com/in/daiane-aparecida-ferreira-05a31723b,,Pinhalense,Assistente de produção,24 Mar 2025
Laís,Pimentel Rabello,https://www.linkedin.com/in/laispimentelrabello,,Globo,Estagiário de tecnologia,24 Mar 2025
Jhessica,Almeida,https://www.linkedin.com/in/jhessica-almeida-b20178319,,,,24 Mar 2025
Gabriel,de Macedo Gonçalves,https://www.linkedin.com/in/dev-gabrielmacedo,,Innovate Automação,Analista de suporte de sistemas,24 Mar 2025
Pedro,Perez,https://www.linkedin.com/in/pedropc,,Itaú Unibanco,Engenheiro de software jr,24 Mar 2025
Lucas,Bento,https://www.linkedin.com/in/lucasbentodomiciano,,Avanti E-commerce & Digital Marketing,Desenvolvedor full stack,24 Mar 2025
Robson ,Calheira,https://www.linkedin.com/in/robson-calheira,,Tel Telecomunicações,Desenvolvedor Back-end ,24 Mar 2025
Bruno,Benicio,https://www.linkedin.com/in/brunobeniciopi,,Ivan Contábil Castelo,Auxiliar de escritório,24 Mar 2025
Lucas,Sanches,https://www.linkedin.com/in/lucassanches-analytics,,Unica Comercio,Operador de Logística ,24 Mar 2025
Michael,Moraes,https://www.linkedin.com/in/michael-moraes,,Dime distribuidora,Auxiliar de almoxarifado,24 Mar 2025
Mateus,Augusto,https://www.linkedin.com/in/mateusaugustoss,,Military Police of Minas Gerais,Military Police Officer,24 Mar 2025
Natan,Alves,https://www.linkedin.com/in/natanalves1,,Flux Farma,Junior Developer,24 Mar 2025
DIEISON,CRUZ,https://www.linkedin.com/in/dieison-cruz-,,Kimberly-Clark,Mecânica,24 Mar 2025
Arthur,Maffeis,https://www.linkedin.com/in/arthur-maffeis-365650290,,Odatech,Especialista em projeto,24 Mar 2025
Ramon,Gomes,https://www.linkedin.com/in/ramon-gomes,,Caixa Vida e Previdência,Front-end Developer | React.js | Next.js | Redux | TypeScript | Jest | Storybook | Tailwind CSS,24 Mar 2025
Lucas Michael,Genovese Huss Oliveira,https://www.linkedin.com/in/lucas-michael-genovese-huss-oliveira-b238b12ba,,ICMC Júnior,Diretor de projetos de computação,24 Mar 2025
Fernando Rodrigues,Accacio,https://www.linkedin.com/in/fernando-rodrigues-accacio,,E. A. ACCACIO CONSULTORIA,Estagiário de Suporte em SAP HCM,24 Mar 2025
Rafael,Lima,https://www.linkedin.com/in/rafael-lima-b612284b,rafaj2ee@gmail.com,Globant,Senior Java Developer,24 Mar 2025
Izabelly,Labegalini,https://www.linkedin.com/in/izabellylabegalini,,CTC,Desenvolvedora PHP,24 Mar 2025
Jessica,P Sousa,https://www.linkedin.com/in/jessica-p-sousa,,Banco PAN,Engenheiro de Software Jr,24 Mar 2025
Sara,Samuel,https://www.linkedin.com/in/sara-samuel-65a93223a,,ENBI,Técnico de Desenvolvimento de Aplicações,24 Mar 2025
Yuri,Alves,https://www.linkedin.com/in/yurizzxz,,Laboratório Fábrica de Software,Desenvolvedor Front‐End UX/UI,24 Mar 2025
Cristian,Scheid,https://www.linkedin.com/in/cristianscheid,cristianscheid@gmail.com,Tezus,Full Stack Developer,24 Mar 2025
Joel,Wollace,https://www.linkedin.com/in/joel-wollace,,Basis Tecnologia da Informação S.A.,Estagiário Desenvolvimento Back-End,24 Mar 2025
Carolina,Guerreiro,https://www.linkedin.com/in/carolina-guerreiro-b3b0b4277,,SCDATA,Estagiário em Desenvolvimento Full Stack,24 Mar 2025
Eduardo,Pinheiro,https://www.linkedin.com/in/eduardopinheiromr,,Construgame,Founder,24 Mar 2025
Alexsandro Diego,Sempkowski de Abreu,https://www.linkedin.com/in/alxabreu,,Espomak - Comércio de produtos e Equipamentos para escritório,Especialista em suporte de TI,24 Mar 2025
André,Lopes,https://www.linkedin.com/in/andrevtlopes,,Inductor,Software Engineer | React.js | Typescript | Tailwind | Python | Docker | PostgreSQL | FastAPI,24 Mar 2025
Filipe,Bison,https://www.linkedin.com/in/fbison,,iFood,Engenheiro de software,24 Mar 2025
Guilherme ,Dos Santos,https://www.linkedin.com/in/guilhermedevjava,,Workana,Desenvolvedor Backend Java,24 Mar 2025
Luiz,Miguel,https://www.linkedin.com/in/luiz-miguel-223852208,,Universidade Vila Velha - UVV,Desenvolvedor,24 Mar 2025
Victor,Calasans,https://www.linkedin.com/in/victor-calasans,,Stefanini Brasil,Analista de segurança da informação,24 Mar 2025
Paulo,Coelho,https://www.linkedin.com/in/paulohcoelho,,Total Express,Engenheiro de software,23 Mar 2025
Diogo,Galvão . ' .,https://www.linkedin.com/in/diogogalvao-drgconsult,,DRG Consult Negócios e Soluções Comerciais Ltda,"Conecto Estratégias ao Sucesso: Pessoas, Negócios, Soluções e Resultados Sustentáveis",23 Mar 2025
Lyssa Oliveira,🍄,https://www.linkedin.com/in/lyssa-lima-brito,,ifficient,Software Engineer,23 Mar 2025
Letícia,Frutuozo,https://www.linkedin.com/in/leticiafrutuozocc,,Conselho Regional De Contabilidade Do Piaui,Estagiário de TI,23 Mar 2025
Luiz Guilherme,Gonzaga,https://www.linkedin.com/in/luiz-guilherme-gonzaga,,Missões Contabilidade,Assistente,23 Mar 2025
Eduardo,Oliveira Liria,https://www.linkedin.com/in/eduardo-oliveira-liria-849467246,,Findes,Instrutor de TI,23 Mar 2025
Raquel,Biondi de Sylos,https://www.linkedin.com/in/raquelsylos,,Freelance Web Development,Full Stack Developer,23 Mar 2025
Dercio,Armando,https://www.linkedin.com/in/dercio-armando-6a2082270,,ISPPK,Information Technology Intern,23 Mar 2025
Lucas Seiki,Oshiro,https://www.linkedin.com/in/lucasseikioshiro,,Google Summer of Code,Open Source Developer @ Git,23 Mar 2025
Wilson,Gomes,https://www.linkedin.com/in/wilson-gomes-a090b624,,Synergye Tecnologia da Informação,Senior PHP Developer,23 Mar 2025
Gabriel ,Leite,https://www.linkedin.com/in/gabrielleitejesus,,PSA TECH GROUP                                         ,Analista de Suporte Técnico | MDM e Mobile Management,23 Mar 2025
Mateus,Rakoski,https://www.linkedin.com/in/mateus-rakoski,,NextAge,Software Engineer,23 Mar 2025
Thiago,Felipe,https://www.linkedin.com/in/thiago-felipe-de-oliveira,,Burger King,Atendente,23 Mar 2025
Igor,Abreu,https://www.linkedin.com/in/igoranascimento,,RM Digital Marketing,Estágio em Análise de dados ,23 Mar 2025
Viviane,Pinhati,https://www.linkedin.com/in/vivianepinhati,,Deloitte,Bussines Analyst SAP,23 Mar 2025
João Pedro,da Mata Quadros,https://www.linkedin.com/in/xjoaopedro,,Fáxil Serviços de Governo,Estagiário de programação,23 Mar 2025
Romy,Moura,https://www.linkedin.com/in/romymoura,romy.moura23@gmail.com,act digital,Engenheiro de software sênior,23 Mar 2025
Ana Alice,Honório,https://www.linkedin.com/in/anaalicehonorio,,NuageIT,Desenvolvedor de software,23 Mar 2025
Bruno,Pinheiro,https://www.linkedin.com/in/brunoapinheiro,,Freelancer,Desenvolvedor Front End,23 Mar 2025
Daniel,Silva,https://www.linkedin.com/in/dasilvadev,,Intuit,Senior Software Engineer,23 Mar 2025
Vinícius,Fernandes ✅,https://www.linkedin.com/in/vinicius-fertech,,Fundação para Inovações Tecnológicas - FITec,Senior Software Architect,23 Mar 2025
Luis Henrique ,Mota da Fonseca,https://www.linkedin.com/in/luis-henrique-mt,,Leal Embalagens de Papel,Aprendiz,23 Mar 2025
Raphael,Silva,https://www.linkedin.com/in/raphael-silva-44a47114b,,GM Financial,Clerk intern - Risk Consumer,23 Mar 2025
Marcelo,Lucas Pereira Filho,https://www.linkedin.com/in/marcelo-lp,,Accenture Brasil,Desenvolvedor de software,23 Mar 2025
Ayrton,da Costa Ganem Filho,https://www.linkedin.com/in/ayrton-filho,,Université de Poitiers,Pesquisador visitante,23 Mar 2025
Elvis,Epstein,https://www.linkedin.com/in/elvisepstein,,Caf,UX Designer,23 Mar 2025
Styven,Noronha,https://www.linkedin.com/in/styven-noronha,styvenn16@gmail.com,AME - Casa Branca,Técnico de TI,23 Mar 2025
Bernardo,Menin Powozum,https://www.linkedin.com/in/bernardo-menin-powozum-a78634186,,Compasso,Frontend Web Developer,23 Mar 2025
Sara Miyuka,Abe,https://www.linkedin.com/in/sara-miyuka-abe-03ab97319,,Universidade de São Paulo,Estudante de Graduação,23 Mar 2025
Cauê,Santos,https://www.linkedin.com/in/caueluizdosantoss,,Núclea,Assistente de Auditoria de Processos,23 Mar 2025
Bruno,Vieira Santos,https://www.linkedin.com/in/brunovieirasantos,,TEC TOR,Coordenador de logística,23 Mar 2025
Gabriel,Coutinho Chaves,https://www.linkedin.com/in/gabrielcoout,,ICMC Júnior,Assessor de projetos de estatística e de marketing ,23 Mar 2025
Adrián Ricardo,Iazbeck Scalia,https://www.linkedin.com/in/adrianr-desenvolvedor,,Wizard by Pearson,Professor de espanhol,23 Mar 2025
Paolo,Troni,https://www.linkedin.com/in/paolo-troni-developer,ninguem.uai@gmail.com,Food for Joe,Desarrollador de back-end,23 Mar 2025
Sophia Alexandra,Oliveira,https://www.linkedin.com/in/if-sophia-else,,MBRAS,Desenvolvedora Front-end Júnior ,23 Mar 2025
Lucas Gabriel ,Viterale Barbosa,https://www.linkedin.com/in/lucas-gabriel-viterale-barbosa-856298247,,MAHLE,Estagiário,23 Mar 2025
Eduardo,Boares,https://www.linkedin.com/in/eduardoboares,,SONAE,Senior Full-Stack Software Engineer,23 Mar 2025
Gabrielly,Gonçalves,https://www.linkedin.com/in/gabrielly-goncalves007,,Escola da Nuvem,AWS Developer,23 Mar 2025
Wanderley,Silva,https://www.linkedin.com/in/jwps,,Governo do Estado de Pernambuco,Professor de matemática,23 Mar 2025
Suiane,Henrichs,https://www.linkedin.com/in/suianehenrichs,,Petros - Fundação Petrobras de Seguridade Social,Full-Stack Development Intern,23 Mar 2025
Gabriel,Mazzini,https://www.linkedin.com/in/gabriel-mazzini-3402622a3,,UON.dev,Web Designer,23 Mar 2025
Felipe,Souza,https://www.linkedin.com/in/felipe-souza-5a7538239,,Basis Tecnologia da Informação S.A.,Desenvolvedor Java,23 Mar 2025
Kelvin,Felipe Motter,https://www.linkedin.com/in/kelvin-felipe-motter-250ab516a,,Senior Sistemas,Software Developer III,23 Mar 2025
Kauã,Sacramento,https://www.linkedin.com/in/kauaads,,Aiko,Backend Developer,23 Mar 2025
Gusttavo,Castro,https://www.linkedin.com/in/castrogusttavo,,code.dev,Developer Experience Engineer,23 Mar 2025
João,Víctor,https://www.linkedin.com/in/joao-victor-,,AB InBev,Senior Fullstack Engineer - (NextJS - NestJS - Azure Cloud),23 Mar 2025
Gilberto Ferreira,Junior,https://www.linkedin.com/in/gilbertofsjunior,,DClick,Desenvolvedor júnior,23 Mar 2025
Alexandre,Diógenes Pereira,https://www.linkedin.com/in/alexandre-diogenes,,Brisanet Telecomunicações,Técnico e Líder de Reparos,23 Mar 2025
Iana ,Sampaio,https://www.linkedin.com/in/ianasampaio,ianasampaiodev@gmail.com,Seiwa,Software Developer,23 Mar 2025
Kauã,Vilarim,https://www.linkedin.com/in/kaua-vilarim,kauavilarim@gmail.com,Netmake Solucoes Em Informatica,Analista de suporte,23 Mar 2025
Luiz,Assis,https://www.linkedin.com/in/luiz-henrique-de-assis,,Compass UOL,Desenvolvedor Mobile | React Native & AWS Cloud,23 Mar 2025
Josue,Ocanha Costa,https://www.linkedin.com/in/josue-ocanha-costa,,Autônomo,Desenvolvedor de front-end - HTML | CSS | JavaScript,23 Mar 2025
Ruben,Manuel,https://www.linkedin.com/in/ruben-manuel-22a412218,,ENBI,Desenvolvedor de software,23 Mar 2025
Leonardo,Pregnolato,https://www.linkedin.com/in/leopregnolato,,Grupo GFT,Desenvolvedor Java Backend - L2,23 Mar 2025
Mateus,Duarte,https://www.linkedin.com/in/mateusduart,,Beca,Desenvolvedor full stack,23 Mar 2025
Lucas A.,Lisboa,https://www.linkedin.com/in/lucas-a-lisboa,,Enacom Group,Desenvolvedor Especialista Web IV,23 Mar 2025
Matheus,Serafim,https://www.linkedin.com/in/matheus-serafim-753893a7,,Mentores Digital, Desenvolvedor Front-End Pleno,23 Mar 2025
Marcio,Ribeiro,https://www.linkedin.com/in/marcio-ribeiro-6086982a2,,Freelance,Android Developer Junior,23 Mar 2025
Letícia,Veiga,https://www.linkedin.com/in/leticiaveigacs,,Freelance,Front-end Developer | Web Developer,23 Mar 2025
Marcelo,G. Manzato,https://www.linkedin.com/in/mgmanzato,,Universidade de São Paulo,Associate Professor,23 Mar 2025
Júlia,Monteiro,https://www.linkedin.com/in/juliamonteiroo,,Grupo Cromus,Auxiliar de Importação,23 Mar 2025
Huam,Benvenutti,https://www.linkedin.com/in/huam-benvenutti,,Octafy USA,Tech Lead,23 Mar 2025
Cleber,Lopes,https://www.linkedin.com/in/cleber-lopess,,Extreme Digital Solutions - EDS,Desenvolvedor de front-end,23 Mar 2025
Francisco,Pereira,https://www.linkedin.com/in/francisco-spereira,,Autônomo,Desenvolvedor web,23 Mar 2025
Roana,Costa,https://www.linkedin.com/in/roanacosta,,Quick Soft Tecnologia,Customer Success Analyst,23 Mar 2025
Pedro Victor,Cruz,https://www.linkedin.com/in/pedro-victor-rcruz,,InfoRMI Automação Industrial,Desenvolvedor Front-end,23 Mar 2025
Caique,Alves,https://www.linkedin.com/in/caique-alves-717ab0180,,Avanade,Analista de automação de testes,23 Mar 2025
Kemilly Vitória,Moreira Cavalcanti ,https://www.linkedin.com/in/kemilly-vit%C3%B3ria-moreira-cavalcanti-03b6762ab,,,,23 Mar 2025
Gabriel,Santos Souza,https://www.linkedin.com/in/gabriel-santos-souza-624075239,,Oliver Strings,Auxiliar de web design ,23 Mar 2025
Igor,Gonçalves,https://www.linkedin.com/in/igor-gon%C3%A7alves-62715938,,Deloitte,AI Software Engineer,23 Mar 2025
Fabricio, Sampaio,https://www.linkedin.com/in/fabricio-sampaio,,Freelance (Self employed),Cientista de dados,23 Mar 2025
Jeferson,Schlarski,https://www.linkedin.com/in/jeferson-schlarski-422b3818a,,Orbis Sistemas,Back End Developer,23 Mar 2025
Alécio ,Araújo,https://www.linkedin.com/in/al%C3%A9cio-ara%C3%BAjo,,Atos,Desenvolvedor Java PL,23 Mar 2025
Lucas,Oliveira,https://www.linkedin.com/in/lucas-olivier95,,Agrega Energia,Desenvolvedor full stack,23 Mar 2025
Diego,Montejano,https://www.linkedin.com/in/diegomontejano,,Somos Educação,Senior iOS Developer,23 Mar 2025
Lucas ,Carvalho,https://www.linkedin.com/in/lucas-carvalho-68b9a3255,,St Marche,Atendimento de balcão Jr,23 Mar 2025
Gabriel,Augusto,https://www.linkedin.com/in/gabriel-a-8667a0238,,Universidade de São Paulo,Tesouraria em Centro Estudantil da Computação,23 Mar 2025
LEONARDO,VALLE,https://www.linkedin.com/in/leo-valle,,OmniChat,Engenheiro de produtos,23 Mar 2025
Augusto,Soares Santos,https://www.linkedin.com/in/augusto-soares-santos,,SulAmérica,Estagiário,23 Mar 2025
Valkiria,de Sena,https://www.linkedin.com/in/valkiriadesenas,,HTD Sistemas,Tecnico de TI Trainee,23 Mar 2025
Bernardo,Rodrigues,https://www.linkedin.com/in/bernardoarodrigues,,University of Kentucky,AI Undergraduate Research Assistant,22 Mar 2025
Dennis José,da Silva,https://www.linkedin.com/in/dennis-jos%C3%A9-da-silva-39921221,,Université de Reims Champagne-Ardenne,Pesquisador Post-Doc,22 Mar 2025
Leonardo,Figueiredo do Nascimento,https://www.linkedin.com/in/leonardofigueiredodonascimento,,G3SOFT - Soluções Tecnológicas,Desenvolvedor de software,22 Mar 2025
Wictor,Santos,https://www.linkedin.com/in/wictor-santos-5b3005232,,Grupo Açotubo,Assistente de desenvolvimento de software,22 Mar 2025
Profa. Dra. Joyce,Martins Mendes,https://www.linkedin.com/in/joyce-martins-mendes,,Universidade Cruzeiro do Sul,Professora,22 Mar 2025
Nathalia Yukimi,Uchiyama Tsuno,https://www.linkedin.com/in/nathalia-uchiyama,,,,22 Mar 2025
Lucas,Moret,https://www.linkedin.com/in/lucas-moret-092896257,,,,22 Mar 2025
Matheus,Sena Rosa,https://www.linkedin.com/in/matheusrosa-dev,,Luby,Desenvolvedor Full-Stack Pleno,22 Mar 2025
Fellipe,Catuzzi,https://www.linkedin.com/in/fellipe-catuzzi,,Universidade de São Paulo,Estudante de Graduação,22 Mar 2025
João Victor,Nascimento,https://www.linkedin.com/in/jo%C3%A3o-victor-nascimento-5133942a9,,,,22 Mar 2025
Paulo Henrique,Barros Diniz,https://www.linkedin.com/in/paulo-henrique-barros-diniz-bb0a6820b,,Sidia Instituto de Ciência e Tecnologia,Desenvolver IA Pleno,22 Mar 2025
Allan,Silva,https://www.linkedin.com/in/allan-silva-0802b222a,,CNPq - Conselho Nacional de Desenvolvimento Científico e Tecnológico,Aluno pesquisador,22 Mar 2025
Thiago,Zero,https://www.linkedin.com/in/thiago-zero-1687a6322,,Universidade de São Paulo,Undergraduate Researcher,22 Mar 2025
Luiz Felipe,Diniz Costa,https://www.linkedin.com/in/lfelipediniz,,FUSP - Fundação de Apoio à USP,Aluno pesquisador,22 Mar 2025
Lucas,Marques Ribeiro,https://www.linkedin.com/in/lucas-marques-ribeiro,,e-Component,Estagiário de Suporte Web Service,22 Mar 2025
João,Prado,https://www.linkedin.com/in/pradojoao,,Fly Vet,Software Developer,22 Mar 2025
Caique,de Castro Araujo,https://www.linkedin.com/in/caique-d-148991220,,AltoQi,Software Developer,22 Mar 2025
Davi,Speck,https://www.linkedin.com/in/davi-speck-a872a71b7,,WalkrApp,Tech Lead,22 Mar 2025
Gabriel,Passos ✊🏿,https://www.linkedin.com/in/passosgabriel,,UniCesumar,Professor de Ensino Superior,22 Mar 2025
Caue,Paiva Lira,https://www.linkedin.com/in/cauepaiva,,Uber,Engenheiro de software,22 Mar 2025
Mikael ,Silva de Souza,https://www.linkedin.com/in/mikael-silva-de-souza-922bba288,,,,17 Mar 2025
João Igor,Alves da Silva,https://www.linkedin.com/in/jo%C3%A3o-igor-alves-da-silva-08b7642a1,,Secretaria do Verde e Meio Ambiente,Suporte técnico,05 Mar 2025
Eduardo ,Dias lopes de oliveira ,https://www.linkedin.com/in/eduardo-dias-lopes-de-oliveira-a98634230,,Truckvan,PCP administrative assistant,01 Mar 2025
Regiane,Oliveira Conceicao,https://www.linkedin.com/in/regiane-oliveira-conceicao-75063864,,Grupo Semar Supermercados,Operadora de caixa ecomerce drive,28 Feb 2025
Julia,Vilma,https://www.linkedin.com/in/julia-vilma-914b4024a,,MAHLE,Analista de Recursos Humanos,20 Feb 2025
Leandro,Marques Zeferino dos Santos,https://www.linkedin.com/in/leandro-marques-zeferino-dos-santos-71204140,,Minebea AccessSolutions,Coordenador de Engenharia de Processos,18 Feb 2025
Matheus,Silva Costa,https://www.linkedin.com/in/matt-nsn,,Grupo Casas Bahia,Assessor Administrativo,16 Feb 2025
Isabela,Brito,https://www.linkedin.com/in/isabelabricasi,,MAHLE,Metrologista,14 Feb 2025
Lucas,Santana,https://www.linkedin.com/in/lucas-santana-38a48a172,,MTA S.p.A.,Analista de qualidade,13 Feb 2025
Denilson,Fernandes,https://www.linkedin.com/in/denilsonpfernandes,,Usiquímica do Brasil,Coordenador Industrial,13 Feb 2025
Nicolas,Evangelista ,https://www.linkedin.com/in/nicolas-evangelista-33a600192,,MAHLE,Quality Analyst jr,11 Feb 2025
Thiago,Vilela do Nascimento,https://www.linkedin.com/in/thiago-vilela-do-nascimento-56114450,,MAHLE,Supervisor de engenharia de processos,11 Feb 2025
Pedro Henrique,Moraes,https://www.linkedin.com/in/pedrohenriquemoraes,,MAHLE,Product Engineer,11 Feb 2025
Michelle,Naime,https://www.linkedin.com/in/michelle-naime-409743329,,iOS Lab,Consultor de negócios,11 Feb 2025
Marcos,Piccilli,https://www.linkedin.com/in/marcos-piccilli-8402133b,,Mahle,Gerente de Tecnologia de Processos,11 Feb 2025
Laura ,Queiroz,https://www.linkedin.com/in/laura-queiroz-9b897222a,,NSK Brasil Ltda.,Estagiária de DHO,11 Feb 2025
Larissa,Freitas ,https://www.linkedin.com/in/larissa-freitas-b80a6328b,,MAHLE,Assistente de HSE,11 Feb 2025
Gregory,Silva,https://www.linkedin.com/in/gregory-silva-3704b3191,,Gregory Produções,Cantor,10 Feb 2025
Gustavo,Moraes,https://www.linkedin.com/in/devgustavomoraes,,Paramount Têxteis,Planejamento,08 Feb 2025
Michael,Lin,https://www.linkedin.com/in/michael-lin-155212160,,"WECON Technology Co., Ltd.",Sales,02 Sep 2024
Aline,Oliveira,https://www.linkedin.com/in/alineps-oliveira,,PART3S,Desenvolvedor,02 Sep 2024
Gabriel,Morais,https://www.linkedin.com/in/gabriel-morais-78a1772a5,,Mahle Behr Gerenciamento Térmico,Estagiário,17 Apr 2024
Matheus,Dos Santos,https://www.linkedin.com/in/matheus-dos-santos-63320a232,,Mahle Behr Gerenciamento Térmico,Assistente administrativo,26 Nov 2023
Periclys,Games dos Santos ,https://www.linkedin.com/in/periclys-santos,,MAHLE,Técnico de processos,24 Nov 2023
Gustavo,Silva,https://www.linkedin.com/in/gustavo-silva-500707239,,MAHLE,Analista de processos Jr,24 Nov 2023
Pedro,Viana,https://www.linkedin.com/in/pedro-viana-bb6264217,,Glasstech Vidros,Production engineering internship,21 Nov 2023
Amanda,Cursino,https://www.linkedin.com/in/amanda-cursino-b441a7154,,Toyota do Brasil,Technical Buyer - Chassis & Powertrain,21 Nov 2023
Hiago,Oliveira,https://www.linkedin.com/in/hiago-oliveira-,,Assaí Atacadista,Assistente de RH,20 Nov 2023
Leonardo,Souza,https://www.linkedin.com/in/leonardo-souza-08b8561b3,,MAHLE,Estagiário - Excelência Operacional ,20 Nov 2023
Jean,Faustino,https://www.linkedin.com/in/jean-faustino,jeanfaustino31@gmail.com,MAHLE,Assistente de Engenharia de Produção,20 Nov 2023
Alexandre,Rizardo,https://www.linkedin.com/in/alexandre-rizardo-99943321a,,NSK,Salesforce Development Intern - Business Transformation,20 Nov 2023
Tatiany,Ouros,https://www.linkedin.com/in/tatiany-ouros,,MAHLE,Junior Analyst Customer Service,20 Nov 2023
Arthur,Lopes Barbosa,https://www.linkedin.com/in/arthur-lopes-barbosa-b3aa72206,,DXC Technology,Analista de Suporte JR,13 Nov 2023
Marcely,Vitória,https://www.linkedin.com/in/marcely-vit%C3%B3ria-5470b6233,,Fesma Indústria,Projetista jr,02 Oct 2023
Kamilly,Oliveira,https://www.linkedin.com/in/kamilly-oliveira-b2107a221,,MAHLE,Programadora de manutencão,24 Sep 2023
Gabriel,Gonçalves Costa,https://www.linkedin.com/in/gabriel-g-b31027251,,Opella,Product Portifolio Management Intern,21 Aug 2023
Luiz,Santos,https://www.linkedin.com/in/luyscript,,Infographya Comunicação Corporativa,Desenvolvedor web,03 Jul 2023