Endorsement Date,Skill Name,Endorsee First Name,Endorsee Last Name,Endorsee Public Url,Endorsement Status
2024/10/14 15:27:37 UTC,MySQL,Arthur,Lopes Barbosa,www.linkedin.com/in/arthur-lopes-barbosa-b3aa72206,ACCEPTED
2024/10/14 15:27:30 UTC,CSS,Arthur,Lopes Barbosa,www.linkedin.com/in/arthur-lopes-barbosa-b3aa72206,ACCEPTED
2024/10/14 15:27:29 UTC,HTML5,Arthur,Lopes Barbosa,www.linkedin.com/in/arthur-lopes-barbosa-b3aa72206,ACCEPTED
2024/10/14 15:27:29 UTC,HTML,Arthur,Lopes Barbosa,www.linkedin.com/in/arthur-lopes-barbosa-b3aa72206,ACCEPTED
2024/10/14 15:27:27 UTC,Desenvolvimento web,Arthur,Lopes Barbosa,www.linkedin.com/in/arthur-lopes-barbosa-b3aa72206,ACCEPTED
2024/10/14 15:27:26 UTC,Inglês,Arthur,Lopes Barbosa,www.linkedin.com/in/arthur-lopes-barbosa-b3aa72206,ACCEPTED
2024/10/14 15:27:25 UTC,Vendas,Arthur,Lopes Barbosa,www.linkedin.com/in/arthur-lopes-barbosa-b3aa72206,ACCEPTED
2024/10/14 15:27:24 UTC,PHP,Arthur,Lopes Barbosa,www.linkedin.com/in/arthur-lopes-barbosa-b3aa72206,ACCEPTED
2024/10/14 15:27:23 UTC,PhpMyAdmin,Arthur,Lopes Barbosa,www.linkedin.com/in/arthur-lopes-barbosa-b3aa72206,ACCEPTED
2024/10/14 15:27:22 UTC,JavaScript,Arthur,Lopes Barbosa,www.linkedin.com/in/arthur-lopes-barbosa-b3aa72206,ACCEPTED
2024/10/14 15:27:22 UTC,Desenvolvimento de software,Arthur,Lopes Barbosa,www.linkedin.com/in/arthur-lopes-barbosa-b3aa72206,ACCEPTED
2023/08/21 15:19:28 UTC,Boas práticas de laboratório,Gabriel,Gonçalves Costa,www.linkedin.com/in/gabriel-g-b31027251,ACCEPTED
2023/08/21 15:19:27 UTC,Técnicas de laboratório,Gabriel,Gonçalves Costa,www.linkedin.com/in/gabriel-g-b31027251,ACCEPTED
2023/08/21 15:19:26 UTC,Análise de dados,Gabriel,Gonçalves Costa,www.linkedin.com/in/gabriel-g-b31027251,ACCEPTED
2023/08/21 15:19:19 UTC,Inglês,Gabriel,Gonçalves Costa,www.linkedin.com/in/gabriel-g-b31027251,ACCEPTED
2023/08/21 15:19:18 UTC,Espanhol,Gabriel,Gonçalves Costa,www.linkedin.com/in/gabriel-g-b31027251,ACCEPTED
2023/08/21 15:19:18 UTC,Desenvolvimento de projetos,Gabriel,Gonçalves Costa,www.linkedin.com/in/gabriel-g-b31027251,ACCEPTED
2023/08/21 15:19:17 UTC,Gestão de projetos,Gabriel,Gonçalves Costa,www.linkedin.com/in/gabriel-g-b31027251,ACCEPTED
2023/08/21 15:19:12 UTC,Coleta de dados,Gabriel,Gonçalves Costa,www.linkedin.com/in/gabriel-g-b31027251,ACCEPTED
2023/08/21 15:19:08 UTC,Trabalho de campo,Gabriel,Gonçalves Costa,www.linkedin.com/in/gabriel-g-b31027251,ACCEPTED
2023/08/21 15:19:07 UTC,Serviços de campo,Gabriel,Gonçalves Costa,www.linkedin.com/in/gabriel-g-b31027251,ACCEPTED
2023/08/21 15:19:06 UTC,Manejo florestal,Gabriel,Gonçalves Costa,www.linkedin.com/in/gabriel-g-b31027251,ACCEPTED
2023/08/21 15:19:05 UTC,Gestão de recursos hídricos,Gabriel,Gonçalves Costa,www.linkedin.com/in/gabriel-g-b31027251,ACCEPTED
2023/08/21 15:18:58 UTC,Manejo de fauna e flora selvagens,Gabriel,Gonçalves Costa,www.linkedin.com/in/gabriel-g-b31027251,ACCEPTED
2023/08/21 15:18:52 UTC,Trabalho em equipe,Gabriel,Gonçalves Costa,www.linkedin.com/in/gabriel-g-b31027251,ACCEPTED
2023/07/03 19:41:17 UTC,MySQL,Luiz,Santos,www.linkedin.com/in/luyscript,ACCEPTED
2023/07/03 19:41:15 UTC,WordPress,Luiz,Santos,www.linkedin.com/in/luyscript,ACCEPTED
2023/07/03 19:41:13 UTC,Bootstrap,Luiz,Santos,www.linkedin.com/in/luyscript,ACCEPTED
2023/07/03 19:41:10 UTC,CSS,Luiz,Santos,www.linkedin.com/in/luyscript,ACCEPTED
2023/07/03 19:41:08 UTC,Inglês,Luiz,Santos,www.linkedin.com/in/luyscript,ACCEPTED
2023/07/03 19:40:59 UTC,HTML,Luiz,Santos,www.linkedin.com/in/luyscript,ACCEPTED
