Endorsement Date,Skill Name,Endorser First Name,Endorser Last Name,Endorser Public Url,Endorsement Status
2023/08/21 15:19:45 UTC,CSS,Gabriel,Gonçalves Costa,www.linkedin.com/in/gabriel-g-b31027251,ACCEPTED
2023/08/21 15:19:44 UTC,HTML5,Gabriel,Gonçalves Costa,www.linkedin.com/in/gabriel-g-b31027251,ACCEPTED
2023/08/21 15:19:44 UTC,JavaScript,Gabriel,Gonçalves Costa,www.linkedin.com/in/gabriel-g-b31027251,ACCEPTED
2023/08/21 15:19:44 UTC,Python,Gabriel,Gonçalves Costa,www.linkedin.com/in/gabriel-g-b31027251,ACCEPTED
2023/08/21 15:19:38 UTC,Inglês,Gabriel,Gonçalves Costa,www.linkedin.com/in/gabriel-g-b31027251,ACCEPTED
2023/08/21 15:19:38 UTC,Hacking ético,Gabriel,Gonçalves Costa,www.linkedin.com/in/gabriel-g-b31027251,ACCEPTED
2023/08/21 15:19:37 UTC,Algoritmos,Gabriel,Gonçalves Costa,www.linkedin.com/in/gabriel-g-b31027251,ACCEPTED
2023/08/21 15:19:33 UTC,Estruturas de dados,Gabriel,Gonçalves Costa,www.linkedin.com/in/gabriel-g-b31027251,ACCEPTED
2023/08/21 15:19:31 UTC,HTML,Gabriel,Gonçalves Costa,www.linkedin.com/in/gabriel-g-b31027251,ACCEPTED
2023/08/21 15:19:26 UTC,Programação lógica,Gabriel,Gonçalves Costa,www.linkedin.com/in/gabriel-g-b31027251,ACCEPTED
