From,To,Sent At,Message,Direction,inviterProfileUrl,inviteeProfileUrl
Gabriel Oliveira de Souza,Leonardo Ferraz Scavazza ,"9/11/25, 2:39 PM",,OUTGOING,https://www.linkedin.com/in/gabriel-tazz,https://www.linkedin.com/in/leonardo-ferraz-scavazza-06281b303
Gabriel Oliveira de Souza,Lucas Teodoro,"9/11/25, 9:20 AM",,OUTGOING,https://www.linkedin.com/in/gabriel-tazz,https://www.linkedin.com/in/lucas-teodoro-29b91a324
Gabriel Oliveira de Souza,Nicolly Cristine Ribeiro dos Santos,"9/10/25, 8:04 PM",,OUTGOING,https://www.linkedin.com/in/gabriel-tazz,https://www.linkedin.com/in/nicollyribeirodossantos
Gabriel Oliveira de Souza,Patricia Andreolli,"9/9/25, 9:47 PM",,OUTGOING,https://www.linkedin.com/in/gabriel-tazz,https://www.linkedin.com/in/patricia-andreolli-85b73016b
Gabriel Oliveira de Souza,Fernanda Cristina Ferraz,"9/9/25, 9:42 PM",,OUTGOING,https://www.linkedin.com/in/gabriel-tazz,https://www.linkedin.com/in/fernanda-cristina-ferraz-2389b32b6
Gabriel Oliveira de Souza,Juliana Santos,"9/8/25, 8:47 PM",,OUTGOING,https://www.linkedin.com/in/gabriel-tazz,https://www.linkedin.com/in/juliana-santos-aa1240a1
Gabriel Oliveira de Souza,Katia Tavares,"9/7/25, 8:41 PM",,OUTGOING,https://www.linkedin.com/in/gabriel-tazz,https://www.linkedin.com/in/katiapais
Gabriel Oliveira de Souza,Mariana Cardoso Thomé,"9/7/25, 8:40 PM",,OUTGOING,https://www.linkedin.com/in/gabriel-tazz,https://www.linkedin.com/in/mariana-cardoso-thomé-a2b66712b
Gabriel Oliveira de Souza,Natália Lopes,"9/7/25, 8:39 PM",,OUTGOING,https://www.linkedin.com/in/gabriel-tazz,https://www.linkedin.com/in/natálialopes
Gabriel Oliveira de Souza,Marianne Souza,"9/7/25, 8:03 PM",,OUTGOING,https://www.linkedin.com/in/gabriel-tazz,https://www.linkedin.com/in/mariannefsouza
Gabriel Oliveira de Souza,Marília Dias,"9/7/25, 8:03 PM",,OUTGOING,https://www.linkedin.com/in/gabriel-tazz,https://www.linkedin.com/in/marília-dias-41042a13a
Gabriel Oliveira de Souza,Gabriela Teles,"9/7/25, 8:03 PM",,OUTGOING,https://www.linkedin.com/in/gabriel-tazz,https://www.linkedin.com/in/gabriela-teles-b4203a246
Gabriel Oliveira de Souza,Vitoria Isabele,"9/7/25, 8:03 PM",,OUTGOING,https://www.linkedin.com/in/gabriel-tazz,https://www.linkedin.com/in/vitoria-isabele-301529210
Gabriel Oliveira de Souza,Caroline  dos Santos,"9/7/25, 7:48 PM",,OUTGOING,https://www.linkedin.com/in/gabriel-tazz,https://www.linkedin.com/in/caroline-s-p
Gabriel Oliveira de Souza,Guilherme de Oliveira Ramos,"9/7/25, 7:48 PM",,OUTGOING,https://www.linkedin.com/in/gabriel-tazz,https://www.linkedin.com/in/guilhermeor19
Gabriel Oliveira de Souza,Fabiane Gomes de oliveira,"9/7/25, 7:46 PM",,OUTGOING,https://www.linkedin.com/in/gabriel-tazz,https://www.linkedin.com/in/fabiane-gomes-de-oliveira-ba3059a2
Gabriel Oliveira de Souza,Fransciélen Bitarães,"9/7/25, 7:46 PM",,OUTGOING,https://www.linkedin.com/in/gabriel-tazz,https://www.linkedin.com/in/fransciélen-bitarães-946b28a2
Gabriel Oliveira de Souza,Leticia Passos,"9/7/25, 6:37 PM",,OUTGOING,https://www.linkedin.com/in/gabriel-tazz,https://www.linkedin.com/in/leticia-passos-a1a988233
Gabriel Oliveira de Souza,Emanuelli Brito Reis,"9/2/25, 8:23 PM",,OUTGOING,https://www.linkedin.com/in/gabriel-tazz,https://www.linkedin.com/in/emanuelli-brito-reis-94a9671a5
Gabriel Oliveira de Souza,Letícia  Santana,"9/2/25, 8:10 PM",,OUTGOING,https://www.linkedin.com/in/gabriel-tazz,https://www.linkedin.com/in/letícia-santana-003846303
Gabriel Oliveira de Souza,Fábio Vergílio Nucci,"9/2/25, 6:14 PM",,OUTGOING,https://www.linkedin.com/in/gabriel-tazz,https://www.linkedin.com/in/fabiovn
Gabriel Oliveira de Souza,Igor Occon,"9/2/25, 2:13 PM",,OUTGOING,https://www.linkedin.com/in/gabriel-tazz,https://www.linkedin.com/in/igor-occon-8a843b234
Gabriel Oliveira de Souza,Tiago Alves,"9/2/25, 2:12 PM",,OUTGOING,https://www.linkedin.com/in/gabriel-tazz,https://www.linkedin.com/in/ti-alves
Gabriel Oliveira de Souza,Gabriel Féra de Souza Campos,"9/2/25, 2:12 PM",,OUTGOING,https://www.linkedin.com/in/gabriel-tazz,https://www.linkedin.com/in/gabrielféra
Gabriel Oliveira de Souza,Daniel Vieira,"9/2/25, 2:11 PM",,OUTGOING,https://www.linkedin.com/in/gabriel-tazz,https://www.linkedin.com/in/danielmartinsvieira
Gabriel Oliveira de Souza,Nicole T.,"9/2/25, 2:11 PM",,OUTGOING,https://www.linkedin.com/in/gabriel-tazz,https://www.linkedin.com/in/nicoletavaress
Gabriel Oliveira de Souza,Eduarda Neumann,"9/2/25, 2:11 PM",,OUTGOING,https://www.linkedin.com/in/gabriel-tazz,https://www.linkedin.com/in/eduardafneumann
Gabriel Oliveira de Souza,Caio Arai,"9/2/25, 2:11 PM",,OUTGOING,https://www.linkedin.com/in/gabriel-tazz,https://www.linkedin.com/in/caio-arai-0b61501b5
Gabriel Oliveira de Souza,Amorgan Lopes,"9/2/25, 2:10 PM",,OUTGOING,https://www.linkedin.com/in/gabriel-tazz,https://www.linkedin.com/in/amorgan-lopes
Gabriel Oliveira de Souza,Jasmin Shadday,"9/2/25, 2:10 PM",,OUTGOING,https://www.linkedin.com/in/gabriel-tazz,https://www.linkedin.com/in/jasmin-shadday
Gabriel Oliveira de Souza,Amanda Ribeiro,"9/2/25, 2:10 PM",,OUTGOING,https://www.linkedin.com/in/gabriel-tazz,https://www.linkedin.com/in/amanda-ribeiro-6456b2245
Gabriel Oliveira de Souza,Raul Ryan Deaque Silva,"9/2/25, 2:09 PM",,OUTGOING,https://www.linkedin.com/in/gabriel-tazz,https://www.linkedin.com/in/ryanraul
Gabriel Oliveira de Souza,Eduardo Freitas,"9/2/25, 2:09 PM",,OUTGOING,https://www.linkedin.com/in/gabriel-tazz,https://www.linkedin.com/in/eduardo-alves-993020138
Gabriel Oliveira de Souza,Pedro Diogo Machado,"9/2/25, 2:08 PM",,OUTGOING,https://www.linkedin.com/in/gabriel-tazz,https://www.linkedin.com/in/pedrodiogo219
Gabriel Oliveira de Souza,Débora Oliveira,"9/2/25, 2:09 PM",,OUTGOING,https://www.linkedin.com/in/gabriel-tazz,https://www.linkedin.com/in/deb-oliveira
Gabriel Oliveira de Souza,Tiago Martinelli,"9/2/25, 2:09 PM",,OUTGOING,https://www.linkedin.com/in/gabriel-tazz,https://www.linkedin.com/in/martinellitiago
Gabriel Oliveira de Souza,Hugo Stanisce Denari,"9/2/25, 2:08 PM",,OUTGOING,https://www.linkedin.com/in/gabriel-tazz,https://www.linkedin.com/in/hugo-stanisce-denari
Gabriel Oliveira de Souza,Mathias Fernandes,"9/2/25, 2:08 PM",,OUTGOING,https://www.linkedin.com/in/gabriel-tazz,https://www.linkedin.com/in/mathias-fernandes-b376b61a5
Gabriel Oliveira de Souza,Guilherme Scarabelli Quadros,"9/2/25, 2:02 PM",,OUTGOING,https://www.linkedin.com/in/gabriel-tazz,https://www.linkedin.com/in/guilherme-scarabelli-quadros
Gabriel Oliveira de Souza,Mariana Godoy,"9/2/25, 1:27 PM",,OUTGOING,https://www.linkedin.com/in/gabriel-tazz,https://www.linkedin.com/in/mariworld
Gabriel Oliveira de Souza,Luísa Aguiar,"9/2/25, 1:27 PM",,OUTGOING,https://www.linkedin.com/in/gabriel-tazz,https://www.linkedin.com/in/luisadeaguiar
Gabriel Oliveira de Souza,Matheus Santos Volotão,"9/2/25, 1:27 PM",,OUTGOING,https://www.linkedin.com/in/gabriel-tazz,https://www.linkedin.com/in/matheusvolotao
Gabriel Oliveira de Souza,Cícero Libardi,"9/2/25, 1:27 PM",,OUTGOING,https://www.linkedin.com/in/gabriel-tazz,https://www.linkedin.com/in/cícero-libardi-3086051ab
Gabriel Oliveira de Souza,Pedro Leão Albuquerque,"9/2/25, 1:27 PM",,OUTGOING,https://www.linkedin.com/in/gabriel-tazz,https://www.linkedin.com/in/pedroleão16
Gabriel Oliveira de Souza,Diego Hessel Motta Verdi,"9/2/25, 1:27 PM",,OUTGOING,https://www.linkedin.com/in/gabriel-tazz,https://www.linkedin.com/in/diego-hessel-motta-verdi-7111551b6
Gabriel Oliveira de Souza,Victor Gabriel Fogarolli,"9/2/25, 1:27 PM",,OUTGOING,https://www.linkedin.com/in/gabriel-tazz,https://www.linkedin.com/in/victor-gabriel-fogarolli-8a9b56216
Gabriel Oliveira de Souza,Ana Flor Oliveira De Stefani,"9/2/25, 1:26 PM",,OUTGOING,https://www.linkedin.com/in/gabriel-tazz,https://www.linkedin.com/in/ana-flor-oliveira-de-stefani-89254a2a5
Gabriel Oliveira de Souza,Gabriel Natal Coutinho,"9/2/25, 1:26 PM",,OUTGOING,https://www.linkedin.com/in/gabriel-tazz,https://www.linkedin.com/in/gabriel-natal-coutinho-39422a293
Gabriel Oliveira de Souza,João Vitor  Sydow,"9/2/25, 1:26 PM",,OUTGOING,https://www.linkedin.com/in/gabriel-tazz,https://www.linkedin.com/in/joao-sydow
Gabriel Oliveira de Souza,Miguel Prates,"9/2/25, 1:26 PM",,OUTGOING,https://www.linkedin.com/in/gabriel-tazz,https://www.linkedin.com/in/pratesmiguel
Gabriel Oliveira de Souza,Daniel Contente Romanzini,"9/2/25, 1:26 PM",,OUTGOING,https://www.linkedin.com/in/gabriel-tazz,https://www.linkedin.com/in/daniel-contente-romanzini-721282192
Gabriel Oliveira de Souza,Murilo Mussatto,"9/2/25, 1:26 PM",,OUTGOING,https://www.linkedin.com/in/gabriel-tazz,https://www.linkedin.com/in/murilo-mussatto
Gabriel Oliveira de Souza,Fernando Fayet,"9/2/25, 1:26 PM",,OUTGOING,https://www.linkedin.com/in/gabriel-tazz,https://www.linkedin.com/in/fernando-fayet
Gabriel Oliveira de Souza,Leonardo Silva,"9/2/25, 1:22 PM",,OUTGOING,https://www.linkedin.com/in/gabriel-tazz,https://www.linkedin.com/in/leonardo-silvafront
Gabriel Oliveira de Souza,Tatyane Gonçalves,"9/2/25, 1:16 PM",,OUTGOING,https://www.linkedin.com/in/gabriel-tazz,https://www.linkedin.com/in/tatyanegoncalves
Gabriel Oliveira de Souza,Pedro Henrique Medeiros dos Reis,"9/2/25, 1:10 PM",,OUTGOING,https://www.linkedin.com/in/gabriel-tazz,https://www.linkedin.com/in/phzmedeiros
Gabriel Oliveira de Souza,Lourenço de Salles Roselino,"9/2/25, 12:17 PM",,OUTGOING,https://www.linkedin.com/in/gabriel-tazz,https://www.linkedin.com/in/lourenço-de-salles-roselino-967520199
Gabriel Oliveira de Souza,Augusto Pedro Gomes,"9/2/25, 11:52 AM",,OUTGOING,https://www.linkedin.com/in/gabriel-tazz,https://www.linkedin.com/in/augusto-pedro-gomes
Gabriel Oliveira de Souza,Marlon José Martins,"9/2/25, 11:52 AM",,OUTGOING,https://www.linkedin.com/in/gabriel-tazz,https://www.linkedin.com/in/marlon-jose-martins
Gabriel Oliveira de Souza,Danielle Cristina P.,"9/2/25, 11:52 AM",,OUTGOING,https://www.linkedin.com/in/gabriel-tazz,https://www.linkedin.com/in/luizhpereiraa
Gabriel Oliveira de Souza,Gabriel Quessada Michelon,"9/2/25, 11:14 AM",,OUTGOING,https://www.linkedin.com/in/gabriel-tazz,https://www.linkedin.com/in/gabriel-quessada-michelon-87559222a
Gabriel Oliveira de Souza,Ligia Keiko Carvalho,"9/2/25, 11:14 AM",,OUTGOING,https://www.linkedin.com/in/gabriel-tazz,https://www.linkedin.com/in/ligia-keiko-carvalho
Gabriel Oliveira de Souza,Heitor Tanoue,"9/2/25, 11:14 AM",,OUTGOING,https://www.linkedin.com/in/gabriel-tazz,https://www.linkedin.com/in/heitortanoue
Gabriel Oliveira de Souza,Yuri Mendes,"9/2/25, 11:13 AM",,OUTGOING,https://www.linkedin.com/in/gabriel-tazz,https://www.linkedin.com/in/yuri-mendes
Gabriel Oliveira de Souza,Victor Reis,"9/2/25, 11:13 AM",,OUTGOING,https://www.linkedin.com/in/gabriel-tazz,https://www.linkedin.com/in/victor-reis-106395167
Gabriel Oliveira de Souza,Gabriel Mota,"9/2/25, 11:13 AM",,OUTGOING,https://www.linkedin.com/in/gabriel-tazz,https://www.linkedin.com/in/gabrielfmota
Gabriel Oliveira de Souza,Fabiano Santos,"9/2/25, 10:59 AM",,OUTGOING,https://www.linkedin.com/in/gabriel-tazz,https://www.linkedin.com/in/fabianofwp19
Gabriel Oliveira de Souza,Erik Luiz Maia Lima ,"9/2/25, 10:54 AM",,OUTGOING,https://www.linkedin.com/in/gabriel-tazz,https://www.linkedin.com/in/erik-luiz-maia-lima
Gabriel Oliveira de Souza,Rodrigo  Moura ,"9/2/25, 10:54 AM",,OUTGOING,https://www.linkedin.com/in/gabriel-tazz,https://www.linkedin.com/in/rodrigo011
Gabriel Oliveira de Souza,Matheus Vieira,"9/2/25, 10:54 AM",,OUTGOING,https://www.linkedin.com/in/gabriel-tazz,https://www.linkedin.com/in/math42
Gabriel Oliveira de Souza,Nicolas Cruvinel,"9/2/25, 10:52 AM",,OUTGOING,https://www.linkedin.com/in/gabriel-tazz,https://www.linkedin.com/in/nicolas-cruvinel
Gabriel Oliveira de Souza,Beatriz Zanchin Messias,"9/2/25, 10:51 AM",,OUTGOING,https://www.linkedin.com/in/gabriel-tazz,https://www.linkedin.com/in/beatriz-zanchin-messias
Gabriel Oliveira de Souza,Lucas Sobrinho,"9/2/25, 10:46 AM",,OUTGOING,https://www.linkedin.com/in/gabriel-tazz,https://www.linkedin.com/in/lucasmsobrinho
Gabriel Oliveira de Souza,Diego Sacomano,"9/2/25, 10:46 AM",,OUTGOING,https://www.linkedin.com/in/gabriel-tazz,https://www.linkedin.com/in/diego-sacomano
Gabriel Oliveira de Souza,Lucas Almeida,"9/2/25, 10:46 AM",,OUTGOING,https://www.linkedin.com/in/gabriel-tazz,https://www.linkedin.com/in/lucas-ac-am
Gabriel Oliveira de Souza,Gustavo Castro,"9/2/25, 10:46 AM",,OUTGOING,https://www.linkedin.com/in/gabriel-tazz,https://www.linkedin.com/in/gustavocastroandrade
Gabriel Oliveira de Souza,Lucas Romero,"9/2/25, 1:10 AM",,OUTGOING,https://www.linkedin.com/in/gabriel-tazz,https://www.linkedin.com/in/lucasmfromero
Gabriel Oliveira de Souza,Mikhail Futorny,"9/1/25, 10:00 PM",,OUTGOING,https://www.linkedin.com/in/gabriel-tazz,https://www.linkedin.com/in/mikhail-futorny-b15580283
Gabriel Oliveira de Souza,Hugo Zanni,"9/1/25, 10:00 PM",,OUTGOING,https://www.linkedin.com/in/gabriel-tazz,https://www.linkedin.com/in/hugozanni1
Gabriel Oliveira de Souza,Odair Gonçalves de Oliveira,"9/1/25, 9:59 PM",,OUTGOING,https://www.linkedin.com/in/gabriel-tazz,https://www.linkedin.com/in/odairgoncalves
Gabriel Oliveira de Souza,Giovanna Garrefa,"9/1/25, 9:57 PM",,OUTGOING,https://www.linkedin.com/in/gabriel-tazz,https://www.linkedin.com/in/giovanna-garrefa
Gabriel Oliveira de Souza,Gabriel Ligabô,"9/1/25, 9:55 PM",,OUTGOING,https://www.linkedin.com/in/gabriel-tazz,https://www.linkedin.com/in/gabriel-ligabô-41a06b20b
Gabriel Oliveira de Souza,Alexandre Brito,"9/1/25, 9:55 PM",,OUTGOING,https://www.linkedin.com/in/gabriel-tazz,https://www.linkedin.com/in/alebgomes
Gabriel Oliveira de Souza,Joao Guilherme Santos,"9/1/25, 9:54 PM",,OUTGOING,https://www.linkedin.com/in/gabriel-tazz,https://www.linkedin.com/in/joao-guilherme-santos-8312a5208
Gabriel Oliveira de Souza,João Liberato,"9/1/25, 9:51 PM",,OUTGOING,https://www.linkedin.com/in/gabriel-tazz,https://www.linkedin.com/in/joaooliberato
Gabriel Oliveira de Souza,Guilherme Paixão,"9/1/25, 9:50 PM",,OUTGOING,https://www.linkedin.com/in/gabriel-tazz,https://www.linkedin.com/in/guip2000
Gabriel Oliveira de Souza,Pedro Fazio,"9/1/25, 9:50 PM",,OUTGOING,https://www.linkedin.com/in/gabriel-tazz,https://www.linkedin.com/in/pedro-fazio-m
Gabriel Oliveira de Souza,Rafael Mendonça Duarte,"9/1/25, 9:50 PM",,OUTGOING,https://www.linkedin.com/in/gabriel-tazz,https://www.linkedin.com/in/rafael-mendonca-duarte
Gabriel Oliveira de Souza,Gabriel Ribeiro Rodrigues Dessotti,"9/1/25, 9:50 PM",,OUTGOING,https://www.linkedin.com/in/gabriel-tazz,https://www.linkedin.com/in/gabrielrrdessotti
Gabriel Oliveira de Souza,Enrique Teles,"9/1/25, 9:50 PM",,OUTGOING,https://www.linkedin.com/in/gabriel-tazz,https://www.linkedin.com/in/enriqueteles
Gabriel Oliveira de Souza,Kauan Souza,"9/1/25, 9:50 PM",,OUTGOING,https://www.linkedin.com/in/gabriel-tazz,https://www.linkedin.com/in/kauan-souza-ab9264307
Gabriel Oliveira de Souza,Murillo Ferreira Yumoto,"9/1/25, 9:50 PM",,OUTGOING,https://www.linkedin.com/in/gabriel-tazz,https://www.linkedin.com/in/murilloyumoto
Gabriel Oliveira de Souza,Ryan Sulino Arrua,"9/1/25, 9:49 PM",,OUTGOING,https://www.linkedin.com/in/gabriel-tazz,https://www.linkedin.com/in/ryan-sulino-arrua-47a598359
Gabriel Oliveira de Souza,Ada Maris Mário,"9/1/25, 9:49 PM",,OUTGOING,https://www.linkedin.com/in/gabriel-tazz,https://www.linkedin.com/in/ada-maris
Gabriel Oliveira de Souza,João Rissi,"9/1/25, 9:49 PM",,OUTGOING,https://www.linkedin.com/in/gabriel-tazz,https://www.linkedin.com/in/joão-rissi
Gabriel Oliveira de Souza,Gabriel Marchesano,"9/1/25, 9:49 PM",,OUTGOING,https://www.linkedin.com/in/gabriel-tazz,https://www.linkedin.com/in/gabriel-marchesano-a1179b324
Gabriel Oliveira de Souza,Guilherme Augusto Moreira,"9/1/25, 6:18 PM",,OUTGOING,https://www.linkedin.com/in/gabriel-tazz,https://www.linkedin.com/in/guilherme-amoreira
Gabriel Oliveira de Souza,Gustavo Sena,"9/1/25, 5:29 PM",,OUTGOING,https://www.linkedin.com/in/gabriel-tazz,https://www.linkedin.com/in/gustavo-sena-577045232
Gabriel Oliveira de Souza,Hosana Silvino,"9/1/25, 5:28 PM",,OUTGOING,https://www.linkedin.com/in/gabriel-tazz,https://www.linkedin.com/in/hosana-silvino
Gabriel Oliveira de Souza,Matheus Karo,"9/1/25, 5:28 PM",,OUTGOING,https://www.linkedin.com/in/gabriel-tazz,https://www.linkedin.com/in/matheus-karo
Gabriel Oliveira de Souza,Bruno Patez,"9/1/25, 5:28 PM",,OUTGOING,https://www.linkedin.com/in/gabriel-tazz,https://www.linkedin.com/in/brunopatez
Gabriel Oliveira de Souza,Luize Carillo Filippini,"9/1/25, 5:28 PM",,OUTGOING,https://www.linkedin.com/in/gabriel-tazz,https://www.linkedin.com/in/luize-carillo-filippini-8b2981204
Gabriel Oliveira de Souza,R. Lucas  Messias ,"9/1/25, 5:28 PM",,OUTGOING,https://www.linkedin.com/in/gabriel-tazz,https://www.linkedin.com/in/r-lucas-messias
Gabriel Oliveira de Souza,Matheus Porto,"9/1/25, 5:27 PM",,OUTGOING,https://www.linkedin.com/in/gabriel-tazz,https://www.linkedin.com/in/matheusport0
Gabriel Oliveira de Souza,Nicolas Valle,"9/1/25, 5:27 PM",,OUTGOING,https://www.linkedin.com/in/gabriel-tazz,https://www.linkedin.com/in/nicolas-valle-620b29219
Gabriel Oliveira de Souza,Letícia Cristina Leme,"9/1/25, 5:25 PM",,OUTGOING,https://www.linkedin.com/in/gabriel-tazz,https://www.linkedin.com/in/leticiacristinaleme
Gabriel Oliveira de Souza,Mateus  Curtolo de Goes,"9/1/25, 5:25 PM",,OUTGOING,https://www.linkedin.com/in/gabriel-tazz,https://www.linkedin.com/in/mateus-goes
Gabriel Oliveira de Souza,Rodrigo Delai,"9/1/25, 5:24 PM",,OUTGOING,https://www.linkedin.com/in/gabriel-tazz,https://www.linkedin.com/in/rodrigodelai
Gabriel Oliveira de Souza,Samuel Silverio,"9/1/25, 5:24 PM",,OUTGOING,https://www.linkedin.com/in/gabriel-tazz,https://www.linkedin.com/in/samuel-silveriom
Gabriel Oliveira de Souza,Gustavo Fuzer,"9/1/25, 5:24 PM",,OUTGOING,https://www.linkedin.com/in/gabriel-tazz,https://www.linkedin.com/in/gustavo-fuzer-7286b8268
Gabriel Oliveira de Souza,Marcel Secco,"9/1/25, 5:24 PM",,OUTGOING,https://www.linkedin.com/in/gabriel-tazz,https://www.linkedin.com/in/marcel-secco-658081266
Gabriel Oliveira de Souza,Thiago Ferreira Rodrigues,"9/1/25, 5:24 PM",,OUTGOING,https://www.linkedin.com/in/gabriel-tazz,https://www.linkedin.com/in/thfrod
Gabriel Oliveira de Souza,Leonardo Meireles da Silva,"9/1/25, 5:24 PM",,OUTGOING,https://www.linkedin.com/in/gabriel-tazz,https://www.linkedin.com/in/leonardo-meireles-da-silva
Gabriel Oliveira de Souza,Gabriel Alves Pereira,"9/1/25, 5:23 PM",,OUTGOING,https://www.linkedin.com/in/gabriel-tazz,https://www.linkedin.com/in/gabrielalvespereira16
Gabriel Oliveira de Souza,Rodrigo Venancio,"9/1/25, 5:22 PM",,OUTGOING,https://www.linkedin.com/in/gabriel-tazz,https://www.linkedin.com/in/rvenancio
Gabriel Oliveira de Souza,André Luiz Junqueira Poles,"9/1/25, 5:22 PM",,OUTGOING,https://www.linkedin.com/in/gabriel-tazz,https://www.linkedin.com/in/andré-luiz-junqueira-poles-32a432245
Gabriel Oliveira de Souza,Michaelle Oliveira,"9/1/25, 5:22 PM",,OUTGOING,https://www.linkedin.com/in/gabriel-tazz,https://www.linkedin.com/in/michaelle-oliveira
Gabriel Oliveira de Souza,Luciana Thomaz Soares,"9/1/25, 5:21 PM",,OUTGOING,https://www.linkedin.com/in/gabriel-tazz,https://www.linkedin.com/in/lucianatsoares
Gabriel Oliveira de Souza,Gonçalo Maueze,"9/1/25, 5:21 PM",,OUTGOING,https://www.linkedin.com/in/gabriel-tazz,https://www.linkedin.com/in/gonçalo-maueze-ab8590229
Gabriel Oliveira de Souza,Kaleb Carvalho,"9/1/25, 5:21 PM",,OUTGOING,https://www.linkedin.com/in/gabriel-tazz,https://www.linkedin.com/in/kaleb-carvalho
Gabriel Oliveira de Souza,Gabriel Ribeiro,"9/1/25, 5:20 PM",,OUTGOING,https://www.linkedin.com/in/gabriel-tazz,https://www.linkedin.com/in/gabrielribeirof
Gabriel Oliveira de Souza,Gustavo Henrique,"9/1/25, 5:19 PM",,OUTGOING,https://www.linkedin.com/in/gabriel-tazz,https://www.linkedin.com/in/gustavo-henriquep
Gabriel Oliveira de Souza,Ana Luiza Gonsani,"9/1/25, 5:18 PM",,OUTGOING,https://www.linkedin.com/in/gabriel-tazz,https://www.linkedin.com/in/analuizagonsani
Gabriel Oliveira de Souza,Giovanni Willik Del Piccolo,"9/1/25, 5:18 PM",,OUTGOING,https://www.linkedin.com/in/gabriel-tazz,https://www.linkedin.com/in/giovanniwillik
Gabriel Oliveira de Souza,Breno Wingeter,"9/1/25, 5:17 PM",,OUTGOING,https://www.linkedin.com/in/gabriel-tazz,https://www.linkedin.com/in/breno-wingeter
Gabriel Oliveira de Souza,William Lima,"9/1/25, 5:17 PM",,OUTGOING,https://www.linkedin.com/in/gabriel-tazz,https://www.linkedin.com/in/limawilliam
Gabriel Oliveira de Souza,Gustavo Gonzales,"9/1/25, 5:15 PM",,OUTGOING,https://www.linkedin.com/in/gabriel-tazz,https://www.linkedin.com/in/gustavo-gonzales-1445a453
Gabriel Oliveira de Souza,Murilo Câmara,"9/1/25, 1:44 PM",,OUTGOING,https://www.linkedin.com/in/gabriel-tazz,https://www.linkedin.com/in/murilocamara
Gabriel Oliveira de Souza,João Paulo Santos De Souza,"9/1/25, 1:43 PM",,OUTGOING,https://www.linkedin.com/in/gabriel-tazz,https://www.linkedin.com/in/joaopaulodevjava
Gabriel Oliveira de Souza,joao matheus,"9/1/25, 1:43 PM",,OUTGOING,https://www.linkedin.com/in/gabriel-tazz,https://www.linkedin.com/in/joao-matheus-5aa94b363
Gabriel Oliveira de Souza,Mateus Prado,"9/1/25, 1:43 PM",,OUTGOING,https://www.linkedin.com/in/gabriel-tazz,https://www.linkedin.com/in/mateus-prado-santos
Gabriel Oliveira de Souza,Felipe Camargo Moreira,"9/1/25, 1:43 PM",,OUTGOING,https://www.linkedin.com/in/gabriel-tazz,https://www.linkedin.com/in/felipe-122-8ca
Gabriel Oliveira de Souza,Amanda Caroline de Oliveira Pires,"9/1/25, 1:42 PM",,OUTGOING,https://www.linkedin.com/in/gabriel-tazz,https://www.linkedin.com/in/amanda-caroline-de-oliveira-pires-a83656213
Gabriel Oliveira de Souza,Enzo Sakamoto,"9/1/25, 1:42 PM",,OUTGOING,https://www.linkedin.com/in/gabriel-tazz,https://www.linkedin.com/in/enzosakamoto
Gabriel Oliveira de Souza,Luiz Filipe,"9/1/25, 1:42 PM",,OUTGOING,https://www.linkedin.com/in/gabriel-tazz,https://www.linkedin.com/in/luiz-filipe-293865206
Gabriel Oliveira de Souza,Ricardo Camilo,"9/1/25, 1:42 PM",,OUTGOING,https://www.linkedin.com/in/gabriel-tazz,https://www.linkedin.com/in/ricardo-camilo-programador-frontend-web-developer
Gabriel Oliveira de Souza,Leonardo Eiki Oziro,"9/1/25, 1:41 PM",,OUTGOING,https://www.linkedin.com/in/gabriel-tazz,https://www.linkedin.com/in/leonardo-eiki-oziro-79713326a
Gabriel Oliveira de Souza,Ricardo Araujo,"9/1/25, 1:41 PM",,OUTGOING,https://www.linkedin.com/in/gabriel-tazz,https://www.linkedin.com/in/rcrdo
Gabriel Oliveira de Souza,Vinicius Martins,"9/1/25, 1:41 PM",,OUTGOING,https://www.linkedin.com/in/gabriel-tazz,https://www.linkedin.com/in/vinicius-martins-0401381a0
Gabriel Oliveira de Souza,Diogo Lima,"9/1/25, 1:41 PM",,OUTGOING,https://www.linkedin.com/in/gabriel-tazz,https://www.linkedin.com/in/diogolima97
Gabriel Oliveira de Souza,Leandro Augusto Cardoso de Oliveira,"9/1/25, 1:40 PM",,OUTGOING,https://www.linkedin.com/in/gabriel-tazz,https://www.linkedin.com/in/leandro-augusto-cardoso-de-oliveira-6091141b1
Gabriel Oliveira de Souza,Jhonatan Vinicius,"9/1/25, 1:40 PM",,OUTGOING,https://www.linkedin.com/in/gabriel-tazz,https://www.linkedin.com/in/jhonatan-vinicius-330243205
Gabriel Oliveira de Souza,Deivid Souza,"9/1/25, 1:40 PM",,OUTGOING,https://www.linkedin.com/in/gabriel-tazz,https://www.linkedin.com/in/deivids0uza
Gabriel Oliveira de Souza,Gabriela Panzarini,"9/1/25, 1:39 PM",,OUTGOING,https://www.linkedin.com/in/gabriel-tazz,https://www.linkedin.com/in/gabrielapanzarini
Gabriel Oliveira de Souza,Mariana Januário,"9/1/25, 1:40 PM",,OUTGOING,https://www.linkedin.com/in/gabriel-tazz,https://www.linkedin.com/in/marianalimajanuário
Gabriel Oliveira de Souza,Daphne Pereira,"9/1/25, 1:39 PM",,OUTGOING,https://www.linkedin.com/in/gabriel-tazz,https://www.linkedin.com/in/daphne-lie-pereira
Gabriel Oliveira de Souza,Victor Henri Vargas,"9/1/25, 1:39 PM",,OUTGOING,https://www.linkedin.com/in/gabriel-tazz,https://www.linkedin.com/in/victor-henri-vargas
Gabriel Oliveira de Souza,Gabriel Barreto,"9/1/25, 1:39 PM",,OUTGOING,https://www.linkedin.com/in/gabriel-tazz,https://www.linkedin.com/in/gabrielbarretogasparelo
Gabriel Oliveira de Souza,Leonardo Fernandes,"9/1/25, 1:39 PM",,OUTGOING,https://www.linkedin.com/in/gabriel-tazz,https://www.linkedin.com/in/leonardo-fernande
Gabriel Oliveira de Souza,Vitor Kravszenko,"9/1/25, 1:38 PM",,OUTGOING,https://www.linkedin.com/in/gabriel-tazz,https://www.linkedin.com/in/vitorkravszenko
Gabriel Oliveira de Souza,Renata Moura Barreto,"9/1/25, 1:38 PM",,OUTGOING,https://www.linkedin.com/in/gabriel-tazz,https://www.linkedin.com/in/renata-moura-barreto
Gabriel Oliveira de Souza,Rilton Maciel,"9/1/25, 1:38 PM",,OUTGOING,https://www.linkedin.com/in/gabriel-tazz,https://www.linkedin.com/in/rilton-maciel
Gabriel Oliveira de Souza,Antonio Matheus,"9/1/25, 1:37 PM",,OUTGOING,https://www.linkedin.com/in/gabriel-tazz,https://www.linkedin.com/in/antonio-matheus-000203161
Gabriel Oliveira de Souza,Jesús Vásquez Medina,"9/1/25, 1:37 PM",,OUTGOING,https://www.linkedin.com/in/gabriel-tazz,https://www.linkedin.com/in/jesusvasquezmedina
Gabriel Oliveira de Souza,Thiago Lira,"9/1/25, 1:37 PM",,OUTGOING,https://www.linkedin.com/in/gabriel-tazz,https://www.linkedin.com/in/thiago-slira
Gabriel Oliveira de Souza,Lorran Rodrigues,"9/1/25, 1:37 PM",,OUTGOING,https://www.linkedin.com/in/gabriel-tazz,https://www.linkedin.com/in/lorran-rodrigues
Gabriel Oliveira de Souza,Guilherme Anjolette,"9/1/25, 1:36 PM",,OUTGOING,https://www.linkedin.com/in/gabriel-tazz,https://www.linkedin.com/in/guilherme-anjolette
Gabriel Oliveira de Souza,Gabriel Reis,"9/1/25, 1:37 PM",,OUTGOING,https://www.linkedin.com/in/gabriel-tazz,https://www.linkedin.com/in/gabrieldevreis
Gabriel Oliveira de Souza,Christian Gandra,"9/1/25, 1:36 PM",,OUTGOING,https://www.linkedin.com/in/gabriel-tazz,https://www.linkedin.com/in/christian-gandra
Gabriel Oliveira de Souza,Mirelli Basso Fernandes,"9/1/25, 1:36 PM",,OUTGOING,https://www.linkedin.com/in/gabriel-tazz,https://www.linkedin.com/in/mirelli-basso-fernandes-a8146b211
Gabriel Oliveira de Souza,Renato Hioji Okamoto Odake,"9/1/25, 1:36 PM",,OUTGOING,https://www.linkedin.com/in/gabriel-tazz,https://www.linkedin.com/in/renato-hioji-okamoto-odake
Gabriel Oliveira de Souza,Guilherme Henrique Cardilho,"9/1/25, 1:35 PM",,OUTGOING,https://www.linkedin.com/in/gabriel-tazz,https://www.linkedin.com/in/guilherme-cardilho
Gabriel Oliveira de Souza,Nathan Neves Silva,"9/1/25, 1:35 PM",,OUTGOING,https://www.linkedin.com/in/gabriel-tazz,https://www.linkedin.com/in/nathan-neves-silva-5abb8a241
Gabriel Oliveira de Souza,Henrique de Oliveira Araujo,"9/1/25, 1:35 PM",,OUTGOING,https://www.linkedin.com/in/gabriel-tazz,https://www.linkedin.com/in/henriqueoa
Gabriel Oliveira de Souza,Matheus Barreto,"9/1/25, 1:35 PM",,OUTGOING,https://www.linkedin.com/in/gabriel-tazz,https://www.linkedin.com/in/matheus-barreto-2724a1195
Gabriel Oliveira de Souza,Gustavo Costa,"9/1/25, 1:22 PM",,OUTGOING,https://www.linkedin.com/in/gabriel-tazz,https://www.linkedin.com/in/gustavo-costa-7223b3157
Gabriel Oliveira de Souza,Miqueias Santos,"9/1/25, 1:22 PM",,OUTGOING,https://www.linkedin.com/in/gabriel-tazz,https://www.linkedin.com/in/miqueias-santos-037975246
Gabriel Oliveira de Souza,Lucas Arman,"9/1/25, 1:21 PM",,OUTGOING,https://www.linkedin.com/in/gabriel-tazz,https://www.linkedin.com/in/lucasarman1
Gabriel Oliveira de Souza,Eduardo Edu,"9/1/25, 1:21 PM",,OUTGOING,https://www.linkedin.com/in/gabriel-tazz,https://www.linkedin.com/in/eduardojava
Gabriel Oliveira de Souza,Nicolas Longo,"9/1/25, 1:21 PM",,OUTGOING,https://www.linkedin.com/in/gabriel-tazz,https://www.linkedin.com/in/lonlas
Gabriel Oliveira de Souza,Vinicius Catelani do Prado,"9/1/25, 1:21 PM",,OUTGOING,https://www.linkedin.com/in/gabriel-tazz,https://www.linkedin.com/in/vinicius-catelani-do-prado-000b33220
Gabriel Oliveira de Souza,Hellen Bianchini,"9/1/25, 1:20 PM",,OUTGOING,https://www.linkedin.com/in/gabriel-tazz,https://www.linkedin.com/in/hellen-bianchini-godinho
Gabriel Oliveira de Souza,Gabriel Odorcik,"9/1/25, 1:20 PM",,OUTGOING,https://www.linkedin.com/in/gabriel-tazz,https://www.linkedin.com/in/gabrielodorcik
Gabriel Oliveira de Souza,Nathan Oliveira,"9/1/25, 1:20 PM",,OUTGOING,https://www.linkedin.com/in/gabriel-tazz,https://www.linkedin.com/in/nathanmartinss
Gabriel Oliveira de Souza,Arthur Pereira,"9/1/25, 1:20 PM",,OUTGOING,https://www.linkedin.com/in/gabriel-tazz,https://www.linkedin.com/in/arthur-pereira-21aa751b9
Gabriel Oliveira de Souza,Thiago Baptista da Silva Soares,"9/1/25, 1:19 PM",,OUTGOING,https://www.linkedin.com/in/gabriel-tazz,https://www.linkedin.com/in/thibapso
Gabriel Oliveira de Souza,Carlos Eduardo Silva,"9/1/25, 1:20 PM",,OUTGOING,https://www.linkedin.com/in/gabriel-tazz,https://www.linkedin.com/in/carlos-eduardo-silva-code
Gabriel Oliveira de Souza,Diego Faduli,"9/1/25, 1:19 PM",,OUTGOING,https://www.linkedin.com/in/gabriel-tazz,https://www.linkedin.com/in/diego-faduli
Gabriel Oliveira de Souza,Giuliano Bertoti,"9/1/25, 1:19 PM",,OUTGOING,https://www.linkedin.com/in/gabriel-tazz,https://www.linkedin.com/in/giuliano-bertoti-b280bb47
Gabriel Oliveira de Souza,Barbara Daniel,"9/1/25, 1:19 PM",,OUTGOING,https://www.linkedin.com/in/gabriel-tazz,https://www.linkedin.com/in/barbara-daniel-dev
Gabriel Oliveira de Souza,Letícia Melo Silva,"9/1/25, 1:19 PM",,OUTGOING,https://www.linkedin.com/in/gabriel-tazz,https://www.linkedin.com/in/letícia-melo-silva-238531291
Gabriel Oliveira de Souza,Erick Cassoli,"9/1/25, 1:19 PM",,OUTGOING,https://www.linkedin.com/in/gabriel-tazz,https://www.linkedin.com/in/erick-cassoli
Gabriel Oliveira de Souza,Leonardo Sodré,"9/1/25, 1:19 PM",,OUTGOING,https://www.linkedin.com/in/gabriel-tazz,https://www.linkedin.com/in/leonardo-sodré-454a671a3
Gabriel Oliveira de Souza,Gustavo Marques Lima,"9/1/25, 1:19 PM",,OUTGOING,https://www.linkedin.com/in/gabriel-tazz,https://www.linkedin.com/in/gustavo-marques-lima
Gabriel Oliveira de Souza,Matheus Gomes,"9/1/25, 1:17 PM",,OUTGOING,https://www.linkedin.com/in/gabriel-tazz,https://www.linkedin.com/in/matheusgomes10
Gabriel Oliveira de Souza,Lucas Henrique,"9/1/25, 1:16 PM",,OUTGOING,https://www.linkedin.com/in/gabriel-tazz,https://www.linkedin.com/in/lucas-henrique-1ab681277
Gabriel Oliveira de Souza,Eduardo Alves de Lima,"9/1/25, 1:16 PM",,OUTGOING,https://www.linkedin.com/in/gabriel-tazz,https://www.linkedin.com/in/edualveslm
Gabriel Oliveira de Souza,Weslley Holanda Santos ,"9/1/25, 1:16 PM",,OUTGOING,https://www.linkedin.com/in/gabriel-tazz,https://www.linkedin.com/in/weslleyholanda
Gabriel Oliveira de Souza,Lucas Claros,"9/1/25, 1:16 PM",,OUTGOING,https://www.linkedin.com/in/gabriel-tazz,https://www.linkedin.com/in/lucas-claros-875945198
Gabriel Oliveira de Souza,Victor Rodrigues Russo,"9/1/25, 1:16 PM",,OUTGOING,https://www.linkedin.com/in/gabriel-tazz,https://www.linkedin.com/in/vrrusso
Gabriel Oliveira de Souza,Willyng Pedroso,"9/1/25, 1:16 PM",,OUTGOING,https://www.linkedin.com/in/gabriel-tazz,https://www.linkedin.com/in/willyng-pedroso
Gabriel Oliveira de Souza,Guilherme Simões Cavo,"9/1/25, 12:35 PM",,OUTGOING,https://www.linkedin.com/in/gabriel-tazz,https://www.linkedin.com/in/guilherme-simões-cavo-458053215
Gabriel Oliveira de Souza,Eduardo Almeida,"9/1/25, 11:53 AM",,OUTGOING,https://www.linkedin.com/in/gabriel-tazz,https://www.linkedin.com/in/eduardoalmeidamelo
Gabriel Oliveira de Souza,Vinicius Moraes de Paiva,"9/1/25, 11:52 AM",,OUTGOING,https://www.linkedin.com/in/gabriel-tazz,https://www.linkedin.com/in/viniciusmdepaiva
Gabriel Oliveira de Souza,Pietra Gullo,"9/1/25, 11:51 AM",,OUTGOING,https://www.linkedin.com/in/gabriel-tazz,https://www.linkedin.com/in/pietra-gullo
Gabriel Oliveira de Souza,Daniel Carvalho,"9/1/25, 11:49 AM",,OUTGOING,https://www.linkedin.com/in/gabriel-tazz,https://www.linkedin.com/in/daniel-carvalho-aba61717a
Gabriel Oliveira de Souza,Rafael Soz,"9/1/25, 11:49 AM",,OUTGOING,https://www.linkedin.com/in/gabriel-tazz,https://www.linkedin.com/in/rafael-soz-aa0167211
Gabriel Oliveira de Souza,Davi Gabriel Domingues,"9/1/25, 11:48 AM",,OUTGOING,https://www.linkedin.com/in/gabriel-tazz,https://www.linkedin.com/in/davi-gabriel-domingues
Gabriel Oliveira de Souza,Alexandre Rocha,"9/1/25, 11:47 AM",,OUTGOING,https://www.linkedin.com/in/gabriel-tazz,https://www.linkedin.com/in/alexandre-palles177
Gabriel Oliveira de Souza,Caroline Akimi Kurosaki Ueda,"9/1/25, 11:47 AM",,OUTGOING,https://www.linkedin.com/in/gabriel-tazz,https://www.linkedin.com/in/caroline-akimi-kurosaki-ueda-47a247250
Gabriel Oliveira de Souza,Rafael  Meris Manson,"9/1/25, 11:47 AM",,OUTGOING,https://www.linkedin.com/in/gabriel-tazz,https://www.linkedin.com/in/rafael-meris-manson-a73692279
Gabriel Oliveira de Souza,Willian Silva Gonçalves,"9/1/25, 11:47 AM",,OUTGOING,https://www.linkedin.com/in/gabriel-tazz,https://www.linkedin.com/in/willyz
Gabriel Oliveira de Souza,Caio Uramoto Evangelista,"9/1/25, 11:47 AM",,OUTGOING,https://www.linkedin.com/in/gabriel-tazz,https://www.linkedin.com/in/caiouevangelista
Gabriel Oliveira de Souza,Nícolas Josué dos Santos,"9/1/25, 11:46 AM",,OUTGOING,https://www.linkedin.com/in/gabriel-tazz,https://www.linkedin.com/in/nicolas-josue-santos
Gabriel Oliveira de Souza,Jade Bortot De Paiva,"9/1/25, 11:47 AM",,OUTGOING,https://www.linkedin.com/in/gabriel-tazz,https://www.linkedin.com/in/jade-bortot-de-paiva
Gabriel Oliveira de Souza,Richard Willian,"9/1/25, 11:46 AM",,OUTGOING,https://www.linkedin.com/in/gabriel-tazz,https://www.linkedin.com/in/richardwillianxx
Gabriel Oliveira de Souza,José Guilherme Santos Riberto,"9/1/25, 11:47 AM",,OUTGOING,https://www.linkedin.com/in/gabriel-tazz,https://www.linkedin.com/in/zeguilhermee
Gabriel Oliveira de Souza,Pedro Bernardo,"9/1/25, 11:46 AM",,OUTGOING,https://www.linkedin.com/in/gabriel-tazz,https://www.linkedin.com/in/pedro-bernardo21
Gabriel Oliveira de Souza,Paulo Henrique Vedovatto Turquetti,"9/1/25, 11:46 AM",,OUTGOING,https://www.linkedin.com/in/gabriel-tazz,https://www.linkedin.com/in/pauloturquetti
Gabriel Oliveira de Souza,Lucas Oliveira Castro,"9/1/25, 11:46 AM",,OUTGOING,https://www.linkedin.com/in/gabriel-tazz,https://www.linkedin.com/in/lucas-o-castro
Gabriel Oliveira de Souza,Augusto Fernandes Ildefonso,"9/1/25, 11:46 AM",,OUTGOING,https://www.linkedin.com/in/gabriel-tazz,https://www.linkedin.com/in/augustofernandesildefonso
Gabriel Oliveira de Souza,Raphael Bonaccorsi,"9/1/25, 11:46 AM",,OUTGOING,https://www.linkedin.com/in/gabriel-tazz,https://www.linkedin.com/in/raphael-bonaccorsi-775457252
Gabriel Oliveira de Souza,Filipe Oliveira,"9/1/25, 11:46 AM",,OUTGOING,https://www.linkedin.com/in/gabriel-tazz,https://www.linkedin.com/in/filipe-oliveira-8545a6221
Gabriel Oliveira de Souza,Pedro Henrique Ferreira Silva,"9/1/25, 11:45 AM",,OUTGOING,https://www.linkedin.com/in/gabriel-tazz,https://www.linkedin.com/in/pedrohfsilva2
Gabriel Oliveira de Souza,Katiely Lacerda,"9/1/25, 11:45 AM",,OUTGOING,https://www.linkedin.com/in/gabriel-tazz,https://www.linkedin.com/in/katielylacerda
Gabriel Oliveira de Souza,Gustavo Fantato,"9/1/25, 11:45 AM",,OUTGOING,https://www.linkedin.com/in/gabriel-tazz,https://www.linkedin.com/in/gustavofantato
Gabriel Oliveira de Souza,Gabriel Campanelli Iamato,"9/1/25, 11:10 AM",,OUTGOING,https://www.linkedin.com/in/gabriel-tazz,https://www.linkedin.com/in/gabriel-campanelli-iamato
Gabriel Oliveira de Souza,Isadora Brunetti Delgado,"9/1/25, 11:10 AM",,OUTGOING,https://www.linkedin.com/in/gabriel-tazz,https://www.linkedin.com/in/isadora-brunetti-delgado
Gabriel Oliveira de Souza,Weslley de Oliveira e Silva,"8/29/25, 11:19 PM",,OUTGOING,https://www.linkedin.com/in/gabriel-tazz,https://www.linkedin.com/in/weslley-de-oliveira-e-silva-198633209
Gabriel Oliveira de Souza,Vinícius Mendonça Ferreira da Silva,"8/29/25, 11:19 PM",,OUTGOING,https://www.linkedin.com/in/gabriel-tazz,https://www.linkedin.com/in/vinicius-mendonca-ferreira
Gabriel Oliveira de Souza,David Carlos,"8/29/25, 11:17 PM",,OUTGOING,https://www.linkedin.com/in/gabriel-tazz,https://www.linkedin.com/in/david-carlos-lima
Gabriel Oliveira de Souza,Vitor Jimenez,"8/29/25, 11:17 PM",,OUTGOING,https://www.linkedin.com/in/gabriel-tazz,https://www.linkedin.com/in/vitorjimenez
Gabriel Oliveira de Souza,Guilherme de Lima Moura,"8/29/25, 11:16 PM",,OUTGOING,https://www.linkedin.com/in/gabriel-tazz,https://www.linkedin.com/in/guilherme-de-lima-moura
Gabriel Oliveira de Souza,Vinicius Leite,"8/29/25, 11:16 PM",,OUTGOING,https://www.linkedin.com/in/gabriel-tazz,https://www.linkedin.com/in/vinicius-b-leite
Gabriel Oliveira de Souza,Guilherme Campos,"8/29/25, 11:16 PM",,OUTGOING,https://www.linkedin.com/in/gabriel-tazz,https://www.linkedin.com/in/guiicampos
Gabriel Oliveira de Souza,Eduardo Lopes,"8/29/25, 11:16 PM",,OUTGOING,https://www.linkedin.com/in/gabriel-tazz,https://www.linkedin.com/in/eduardo-m-lopes
Gabriel Oliveira de Souza,Abner Oliveira,"8/29/25, 11:16 PM",,OUTGOING,https://www.linkedin.com/in/gabriel-tazz,https://www.linkedin.com/in/abner-oliveira-dev
Gabriel Oliveira de Souza,Rafael Silva,"8/29/25, 11:15 PM",,OUTGOING,https://www.linkedin.com/in/gabriel-tazz,https://www.linkedin.com/in/rafaelsouzasuns
Gabriel Oliveira de Souza,Karine Cerqueira,"8/29/25, 11:15 PM",,OUTGOING,https://www.linkedin.com/in/gabriel-tazz,https://www.linkedin.com/in/karine-cerqueira-084917206
Gabriel Oliveira de Souza,Leoni Reis,"8/29/25, 11:13 PM",,OUTGOING,https://www.linkedin.com/in/gabriel-tazz,https://www.linkedin.com/in/leonimeloo
Gabriel Oliveira de Souza,Pedro  Arruda,"8/29/25, 11:12 PM",,OUTGOING,https://www.linkedin.com/in/gabriel-tazz,https://www.linkedin.com/in/pedro-scucuglia-arruda
Gabriel Oliveira de Souza,Allan da Silva Pessin,"8/29/25, 11:12 PM",,OUTGOING,https://www.linkedin.com/in/gabriel-tazz,https://www.linkedin.com/in/allan-da-silva-pessin-2b49701b6
Gabriel Oliveira de Souza,Bruno Henrique Silva Pereira,"8/29/25, 11:12 PM",,OUTGOING,https://www.linkedin.com/in/gabriel-tazz,https://www.linkedin.com/in/bruno-henrique-silva-pereira-74b7ab194
Gabriel Oliveira de Souza,Rodrigo Camargo,"8/29/25, 11:12 PM",,OUTGOING,https://www.linkedin.com/in/gabriel-tazz,https://www.linkedin.com/in/rodrigo-bcamargo
Gabriel Oliveira de Souza,Caio Brandini,"8/29/25, 11:11 PM",,OUTGOING,https://www.linkedin.com/in/gabriel-tazz,https://www.linkedin.com/in/caiobrandini
Gabriel Oliveira de Souza,Lucca Augusto Torres Tambor,"8/29/25, 11:11 PM",,OUTGOING,https://www.linkedin.com/in/gabriel-tazz,https://www.linkedin.com/in/lucca-augusto-torres-tambor-2188b8184
Gabriel Oliveira de Souza,Bruno Giacomini Volpe,"8/29/25, 11:11 PM",,OUTGOING,https://www.linkedin.com/in/gabriel-tazz,https://www.linkedin.com/in/bruno-giacomini-volpe-4b895120b
Gabriel Oliveira de Souza,João Cioffi,"8/29/25, 11:09 PM",,OUTGOING,https://www.linkedin.com/in/gabriel-tazz,https://www.linkedin.com/in/joao-cioffi
Gabriel Oliveira de Souza,Wanderson  Marques,"8/29/25, 11:10 PM",,OUTGOING,https://www.linkedin.com/in/gabriel-tazz,https://www.linkedin.com/in/wanderson-marques-junior
Gabriel Oliveira de Souza,Lucas Gabriel Camargo,"8/29/25, 11:09 PM",,OUTGOING,https://www.linkedin.com/in/gabriel-tazz,https://www.linkedin.com/in/lgcamargo
Gabriel Oliveira de Souza,Sanmir Cruz,"8/29/25, 11:09 PM",,OUTGOING,https://www.linkedin.com/in/gabriel-tazz,https://www.linkedin.com/in/sanmir-cruz
Gabriel Oliveira de Souza,Dennis  Lemke Green,"8/29/25, 11:09 PM",,OUTGOING,https://www.linkedin.com/in/gabriel-tazz,https://www.linkedin.com/in/dennis-lemke-green-082127214
Gabriel Oliveira de Souza,Luiz Danilo Ribeiro,"8/29/25, 11:09 PM",,OUTGOING,https://www.linkedin.com/in/gabriel-tazz,https://www.linkedin.com/in/luiz-danilo-ribeiro
Gabriel Oliveira de Souza,Luan Vendt,"8/29/25, 11:09 PM",,OUTGOING,https://www.linkedin.com/in/gabriel-tazz,https://www.linkedin.com/in/luanvendt
Gabriel Oliveira de Souza,Daniel Girotto,"8/29/25, 11:08 PM",,OUTGOING,https://www.linkedin.com/in/gabriel-tazz,https://www.linkedin.com/in/daniel-girotto
Gabriel Oliveira de Souza,Lélio Marcos Rangel Cunha,"8/29/25, 11:08 PM",,OUTGOING,https://www.linkedin.com/in/gabriel-tazz,https://www.linkedin.com/in/leliomarcos
Gabriel Oliveira de Souza,Jacqueline Bezerra,"8/29/25, 11:08 PM",,OUTGOING,https://www.linkedin.com/in/gabriel-tazz,https://www.linkedin.com/in/jacquelinebezerra
Gabriel Oliveira de Souza,Pedro Gabriel dos Santos,"8/29/25, 11:08 PM",,OUTGOING,https://www.linkedin.com/in/gabriel-tazz,https://www.linkedin.com/in/pedro-gabriel-dev
Gabriel Oliveira de Souza,Gabriel Almeida,"8/29/25, 11:07 PM",,OUTGOING,https://www.linkedin.com/in/gabriel-tazz,https://www.linkedin.com/in/gabriel-almeida-3873a9243
Gabriel Oliveira de Souza,Ana Clara Setulim,"8/29/25, 11:07 PM",,OUTGOING,https://www.linkedin.com/in/gabriel-tazz,https://www.linkedin.com/in/ana-clara-setulim-b22707291
Gabriel Oliveira de Souza,José Lucas Silva Mayer,"8/29/25, 11:07 PM",,OUTGOING,https://www.linkedin.com/in/gabriel-tazz,https://www.linkedin.com/in/josemayer
Gabriel Oliveira de Souza,Pedro Henrique Bucke,"8/29/25, 11:07 PM",,OUTGOING,https://www.linkedin.com/in/gabriel-tazz,https://www.linkedin.com/in/pedro-bucke
Gabriel Oliveira de Souza,Gabriel  Moraes Andreghetti,"8/29/25, 11:07 PM",,OUTGOING,https://www.linkedin.com/in/gabriel-tazz,https://www.linkedin.com/in/gabriel-moraes-andreghetti-422573274
Gabriel Oliveira de Souza,Julia Pravato,"8/29/25, 4:34 PM",,OUTGOING,https://www.linkedin.com/in/gabriel-tazz,https://www.linkedin.com/in/juliapravato
Gabriel Oliveira de Souza,Mauricio Casagrandi,"8/29/25, 4:34 PM",,OUTGOING,https://www.linkedin.com/in/gabriel-tazz,https://www.linkedin.com/in/mauricio-casagrandi-1a3a16267
Gabriel Oliveira de Souza,Guilherme Tosi,"8/29/25, 4:34 PM",,OUTGOING,https://www.linkedin.com/in/gabriel-tazz,https://www.linkedin.com/in/guitosi
Gabriel Oliveira de Souza,Gabriel Oliveira,"8/29/25, 4:31 PM",,OUTGOING,https://www.linkedin.com/in/gabriel-tazz,https://www.linkedin.com/in/bdogabriel
Gabriel Oliveira de Souza,Matheus Giraldi Alvarenga,"8/29/25, 4:31 PM",,OUTGOING,https://www.linkedin.com/in/gabriel-tazz,https://www.linkedin.com/in/matheus-giraldi-alvarenga-b2b856217
Gabriel Oliveira de Souza,Gabriel Silva Fontes,"8/29/25, 4:31 PM",,OUTGOING,https://www.linkedin.com/in/gabriel-tazz,https://www.linkedin.com/in/misterio7
Gabriel Oliveira de Souza,Cláudia Anania,"8/29/25, 2:57 PM",,OUTGOING,https://www.linkedin.com/in/gabriel-tazz,https://www.linkedin.com/in/claudia-anania
Gabriel Oliveira de Souza,"Glauce Rocha de Oliveira, PhD","8/29/25, 2:57 PM",,OUTGOING,https://www.linkedin.com/in/gabriel-tazz,https://www.linkedin.com/in/glaurocha
Gabriel Oliveira de Souza,Gabriel  Guimarães,"8/29/25, 2:53 PM",,OUTGOING,https://www.linkedin.com/in/gabriel-tazz,https://www.linkedin.com/in/gabrielalvesguimaraes
Gabriel Oliveira de Souza,Matheus Henrique Lemes Sakuragui ,"8/29/25, 2:53 PM",,OUTGOING,https://www.linkedin.com/in/gabriel-tazz,https://www.linkedin.com/in/matheus-henrique-lemes-sakuragui
Gabriel Oliveira de Souza,Jadno Barbosa,"8/29/25, 2:53 PM",,OUTGOING,https://www.linkedin.com/in/gabriel-tazz,https://www.linkedin.com/in/jadno-barbosa
Gabriel Oliveira de Souza,Renato Tadeu Theodoro Junior,"8/29/25, 2:53 PM",,OUTGOING,https://www.linkedin.com/in/gabriel-tazz,https://www.linkedin.com/in/renatotheodoro
Gabriel Oliveira de Souza,Luana Musial,"8/29/25, 2:52 PM",,OUTGOING,https://www.linkedin.com/in/gabriel-tazz,https://www.linkedin.com/in/musial-dev
Gabriel Oliveira de Souza,Gabrielle  Ramos da Silva,"8/29/25, 2:52 PM",,OUTGOING,https://www.linkedin.com/in/gabriel-tazz,https://www.linkedin.com/in/gabrielle-ramos-da-silva-217922184
Gabriel Oliveira de Souza,Müller Silva,"8/29/25, 2:52 PM",,OUTGOING,https://www.linkedin.com/in/gabriel-tazz,https://www.linkedin.com/in/müllersilva
Gabriel Oliveira de Souza,Gabriel Henrique Brioto,"8/29/25, 2:51 PM",,OUTGOING,https://www.linkedin.com/in/gabriel-tazz,https://www.linkedin.com/in/gabriel-henrique-brioto-94a512255
Gabriel Oliveira de Souza,Adsow Vinicius Freitas Batista,"8/29/25, 2:52 PM",,OUTGOING,https://www.linkedin.com/in/gabriel-tazz,https://www.linkedin.com/in/adsow-vinicius-463a02208
Gabriel Oliveira de Souza,Renan Melo,"8/29/25, 2:51 PM",,OUTGOING,https://www.linkedin.com/in/gabriel-tazz,https://www.linkedin.com/in/renanlaramelo
Gabriel Oliveira de Souza,Fernanda Freire,"8/29/25, 2:51 PM",,OUTGOING,https://www.linkedin.com/in/gabriel-tazz,https://www.linkedin.com/in/freirefs
Gabriel Oliveira de Souza,Israel Silva,"8/29/25, 2:51 PM",,OUTGOING,https://www.linkedin.com/in/gabriel-tazz,https://www.linkedin.com/in/israelfesilva
Gabriel Oliveira de Souza,Leonardo Leal,"8/29/25, 2:50 PM",,OUTGOING,https://www.linkedin.com/in/gabriel-tazz,https://www.linkedin.com/in/leohdev
Gabriel Oliveira de Souza,Isabely Fernanda Bueno Vieira,"8/29/25, 2:50 PM",,OUTGOING,https://www.linkedin.com/in/gabriel-tazz,https://www.linkedin.com/in/isabely-fernanda-bueno-vieira-537554236
Gabriel Oliveira de Souza,Alberto Neves,"8/29/25, 2:50 PM",,OUTGOING,https://www.linkedin.com/in/gabriel-tazz,https://www.linkedin.com/in/alberto-neves
Gabriel Oliveira de Souza,Bruno Gabriel,"8/29/25, 2:50 PM",,OUTGOING,https://www.linkedin.com/in/gabriel-tazz,https://www.linkedin.com/in/bruno-gabriel-justino
Gabriel Oliveira de Souza,Marco Toledo,"8/29/25, 2:49 PM",,OUTGOING,https://www.linkedin.com/in/gabriel-tazz,https://www.linkedin.com/in/ocramoi
Gabriel Oliveira de Souza,Alan Araujo Rodrigues,"8/29/25, 2:49 PM",,OUTGOING,https://www.linkedin.com/in/gabriel-tazz,https://www.linkedin.com/in/alanaraujo1995
Gabriel Oliveira de Souza,Thierry  de Souza Araujo,"8/29/25, 2:49 PM",,OUTGOING,https://www.linkedin.com/in/gabriel-tazz,https://www.linkedin.com/in/thierryara
Gabriel Oliveira de Souza,Kauã Lima,"8/29/25, 2:48 PM",,OUTGOING,https://www.linkedin.com/in/gabriel-tazz,https://www.linkedin.com/in/kaualimadesouza
Gabriel Oliveira de Souza,Willian Pinheiro,"8/29/25, 2:48 PM",,OUTGOING,https://www.linkedin.com/in/gabriel-tazz,https://www.linkedin.com/in/willpinha
Gabriel Oliveira de Souza,Eduardo Ribeiro Rodrigues,"8/29/25, 2:48 PM",,OUTGOING,https://www.linkedin.com/in/gabriel-tazz,https://www.linkedin.com/in/eduardo-ws
Gabriel Oliveira de Souza,Vitor da Silveira,"8/29/25, 2:48 PM",,OUTGOING,https://www.linkedin.com/in/gabriel-tazz,https://www.linkedin.com/in/vit0r-silveira
Gabriel Oliveira de Souza,Tiago Marino Silva,"8/29/25, 2:48 PM",,OUTGOING,https://www.linkedin.com/in/gabriel-tazz,https://www.linkedin.com/in/tiago-marino
Gabriel Oliveira de Souza,Carlos Henrique Lima Melara,"8/29/25, 2:47 PM",,OUTGOING,https://www.linkedin.com/in/gabriel-tazz,https://www.linkedin.com/in/carloshlmelara
Gabriel Oliveira de Souza,João Pedro Uchôa Cavalcante,"8/29/25, 2:47 PM",,OUTGOING,https://www.linkedin.com/in/gabriel-tazz,https://www.linkedin.com/in/jpucavalcante
Gabriel Oliveira de Souza,Guilherme Alves Lindo,"8/29/25, 2:47 PM",,OUTGOING,https://www.linkedin.com/in/gabriel-tazz,https://www.linkedin.com/in/guilherme-alves-lindo
Gabriel Oliveira de Souza,Vidal Daniel Cabrera Bernal,"8/29/25, 2:47 PM",,OUTGOING,https://www.linkedin.com/in/gabriel-tazz,https://www.linkedin.com/in/vidal-daniel-cabrera-bernal-900774259
Gabriel Oliveira de Souza,Gustavo Rezende,"8/29/25, 2:46 PM",,OUTGOING,https://www.linkedin.com/in/gabriel-tazz,https://www.linkedin.com/in/gustavo-rezende-6695401b9
Gabriel Oliveira de Souza,Gabriel Perão,"8/29/25, 2:46 PM",,OUTGOING,https://www.linkedin.com/in/gabriel-tazz,https://www.linkedin.com/in/gabrielperao
Gabriel Oliveira de Souza,Diego Pt. Mathias,"8/29/25, 2:46 PM",,OUTGOING,https://www.linkedin.com/in/gabriel-tazz,https://www.linkedin.com/in/diego-pt-mathias
Gabriel Oliveira de Souza,Gustavo Soares,"8/29/25, 2:46 PM",,OUTGOING,https://www.linkedin.com/in/gabriel-tazz,https://www.linkedin.com/in/gustavo-s-755457225
Gabriel Oliveira de Souza,Julia Frare,"8/29/25, 2:46 PM",,OUTGOING,https://www.linkedin.com/in/gabriel-tazz,https://www.linkedin.com/in/julia-frare-628b64193
Gabriel Oliveira de Souza,Daniel Damaceno,"8/29/25, 2:46 PM",,OUTGOING,https://www.linkedin.com/in/gabriel-tazz,https://www.linkedin.com/in/daniel-damaceno
Gabriel Oliveira de Souza,vinicius Moura,"8/29/25, 2:45 PM",,OUTGOING,https://www.linkedin.com/in/gabriel-tazz,https://www.linkedin.com/in/vinicius-moura-449594295
Gabriel Oliveira de Souza,Max Willian Maluf,"8/29/25, 2:45 PM",,OUTGOING,https://www.linkedin.com/in/gabriel-tazz,https://www.linkedin.com/in/max-willian-maluf
Gabriel Oliveira de Souza,Eduardo Marcolongo,"8/29/25, 2:45 PM",,OUTGOING,https://www.linkedin.com/in/gabriel-tazz,https://www.linkedin.com/in/eduardo-marcolongo-77a15a33
Gabriel Oliveira de Souza,Wendy Laura,"8/29/25, 2:44 PM",,OUTGOING,https://www.linkedin.com/in/gabriel-tazz,https://www.linkedin.com/in/wendy-laura-20929120b
Gabriel Oliveira de Souza,Jaqueline Moura,"8/29/25, 2:44 PM",,OUTGOING,https://www.linkedin.com/in/gabriel-tazz,https://www.linkedin.com/in/jaquelinemoura1
Gabriel Oliveira de Souza,Natã Lomeu Fernandes,"8/29/25, 2:44 PM",,OUTGOING,https://www.linkedin.com/in/gabriel-tazz,https://www.linkedin.com/in/natangaf
Gabriel Oliveira de Souza,Jhone Rodrigues,"8/29/25, 2:44 PM",,OUTGOING,https://www.linkedin.com/in/gabriel-tazz,https://www.linkedin.com/in/jhonerodrigues
Gabriel Oliveira de Souza,Caroline Nogueira,"8/29/25, 2:44 PM",,OUTGOING,https://www.linkedin.com/in/gabriel-tazz,https://www.linkedin.com/in/caroline-nogueira-136119164
Gabriel Oliveira de Souza,Valdir de Oliveira,"8/29/25, 2:43 PM",,OUTGOING,https://www.linkedin.com/in/gabriel-tazz,https://www.linkedin.com/in/valdir-de-oliveira-70433333
Gabriel Oliveira de Souza,Henrique Ribeiro,"8/29/25, 2:43 PM",,OUTGOING,https://www.linkedin.com/in/gabriel-tazz,https://www.linkedin.com/in/henrique-ribeiro-moreira
Gabriel Oliveira de Souza,Maria Karoline 🐞,"8/29/25, 2:43 PM",,OUTGOING,https://www.linkedin.com/in/gabriel-tazz,https://www.linkedin.com/in/maria-karoline94
Gabriel Oliveira de Souza,joao victor araujo,"8/29/25, 2:42 PM",,OUTGOING,https://www.linkedin.com/in/gabriel-tazz,https://www.linkedin.com/in/joao-victor-arauio-ferreira
Gabriel Oliveira de Souza,Jardel Jacomini,"8/29/25, 2:41 PM",,OUTGOING,https://www.linkedin.com/in/gabriel-tazz,https://www.linkedin.com/in/deljdl
Gabriel Oliveira de Souza,Thiago Martins,"8/29/25, 2:41 PM",,OUTGOING,https://www.linkedin.com/in/gabriel-tazz,https://www.linkedin.com/in/thiagomartins3008
Gabriel Oliveira de Souza,Julia Martins,"8/29/25, 2:38 PM",,OUTGOING,https://www.linkedin.com/in/gabriel-tazz,https://www.linkedin.com/in/julia-martins-arruda
Gabriel Oliveira de Souza,Bruno Rafael Medeiros Mateus,"8/29/25, 2:38 PM",,OUTGOING,https://www.linkedin.com/in/gabriel-tazz,https://www.linkedin.com/in/bruno-rafael-medeiros-mateus-a63207284
Gabriel Oliveira de Souza,Deivid Almeida,"8/29/25, 2:38 PM",,OUTGOING,https://www.linkedin.com/in/gabriel-tazz,https://www.linkedin.com/in/deivid-almeida-378ab9191
Gabriel Oliveira de Souza,Rafael Acioly,"8/29/25, 2:38 PM",,OUTGOING,https://www.linkedin.com/in/gabriel-tazz,https://www.linkedin.com/in/rafaelacioly
Gabriel Oliveira de Souza,João Vitor Ferreira Pedroso,"8/29/25, 2:38 PM",,OUTGOING,https://www.linkedin.com/in/gabriel-tazz,https://www.linkedin.com/in/joaovitorferreirapedroso
Gabriel Oliveira de Souza,Lucas Ragazzon,"8/29/25, 2:38 PM",,OUTGOING,https://www.linkedin.com/in/gabriel-tazz,https://www.linkedin.com/in/lucas-ferreira-ragazzon
Gabriel Oliveira de Souza,Guilherme Vieira de Paiva,"8/29/25, 2:37 PM",,OUTGOING,https://www.linkedin.com/in/gabriel-tazz,https://www.linkedin.com/in/guilhermevp
Gabriel Oliveira de Souza,Ricardo  Junior,"8/29/25, 2:37 PM",,OUTGOING,https://www.linkedin.com/in/gabriel-tazz,https://www.linkedin.com/in/ricardojunior02
Gabriel Oliveira de Souza,Wesley Ferreira de Oliveira,"8/29/25, 2:37 PM",,OUTGOING,https://www.linkedin.com/in/gabriel-tazz,https://www.linkedin.com/in/wesferoli
Gabriel Oliveira de Souza,Eduardo Rodrigues,"8/29/25, 2:36 PM",,OUTGOING,https://www.linkedin.com/in/gabriel-tazz,https://www.linkedin.com/in/eduardo-rodrigues-726062102
Gabriel Oliveira de Souza,Everton Jackson,"8/29/25, 2:36 PM",,OUTGOING,https://www.linkedin.com/in/gabriel-tazz,https://www.linkedin.com/in/evertonjackson
Gabriel Oliveira de Souza,Rafael Peres,"8/29/25, 2:36 PM",,OUTGOING,https://www.linkedin.com/in/gabriel-tazz,https://www.linkedin.com/in/rperes-dev
Gabriel Oliveira de Souza,Guilherme Cardoso,"8/29/25, 2:34 PM",,OUTGOING,https://www.linkedin.com/in/gabriel-tazz,https://www.linkedin.com/in/guilherme-cardoso17
Gabriel Oliveira de Souza,William Oliveira,"8/29/25, 2:34 PM",,OUTGOING,https://www.linkedin.com/in/gabriel-tazz,https://www.linkedin.com/in/will-obs
Gabriel Oliveira de Souza,Gabriel Goris,"8/29/25, 2:34 PM",,OUTGOING,https://www.linkedin.com/in/gabriel-tazz,https://www.linkedin.com/in/gabriel-goris-239957251
Gabriel Oliveira de Souza,Eduardo Santana,"8/29/25, 2:34 PM",,OUTGOING,https://www.linkedin.com/in/gabriel-tazz,https://www.linkedin.com/in/eduardo-santana-8b09414a
Gabriel Oliveira de Souza,Marcelo Nascimento,"8/29/25, 2:33 PM",,OUTGOING,https://www.linkedin.com/in/gabriel-tazz,https://www.linkedin.com/in/marcelo-nascimento-gomes
Gabriel Oliveira de Souza,Julia Cunha,"8/29/25, 2:29 PM",,OUTGOING,https://www.linkedin.com/in/gabriel-tazz,https://www.linkedin.com/in/juliac-cunha
Gabriel Oliveira de Souza,Thiago Menezes,"8/29/25, 2:29 PM",,OUTGOING,https://www.linkedin.com/in/gabriel-tazz,https://www.linkedin.com/in/thi-mnz
Gabriel Oliveira de Souza,Lorenzo Gomes ,"8/29/25, 2:29 PM",,OUTGOING,https://www.linkedin.com/in/gabriel-tazz,https://www.linkedin.com/in/logomax15
Gabriel Oliveira de Souza,Antônio Prado,"8/29/25, 2:29 PM",,OUTGOING,https://www.linkedin.com/in/gabriel-tazz,https://www.linkedin.com/in/antonioeprado
Gabriel Oliveira de Souza,Murilo Falconeri,"8/29/25, 2:29 PM",,OUTGOING,https://www.linkedin.com/in/gabriel-tazz,https://www.linkedin.com/in/murilo-falconeri-375090292
Gabriel Oliveira de Souza,Hoom Web Serviços de Internet,"8/29/25, 2:28 PM",,OUTGOING,https://www.linkedin.com/in/gabriel-tazz,https://www.linkedin.com/in/hoom-web-serviços-de-internet-675894215
Gabriel Oliveira de Souza,Iller Boromello,"8/29/25, 2:27 PM",,OUTGOING,https://www.linkedin.com/in/gabriel-tazz,https://www.linkedin.com/in/iller-boromello
Gabriel Oliveira de Souza,Thiago Lourençon Ghebra,"8/29/25, 2:28 PM",,OUTGOING,https://www.linkedin.com/in/gabriel-tazz,https://www.linkedin.com/in/thiago-lourençon-ghebra-8a8311204
Gabriel Oliveira de Souza,Gustavo Amorim,"8/29/25, 2:28 PM",,OUTGOING,https://www.linkedin.com/in/gabriel-tazz,https://www.linkedin.com/in/gustavoamorimdev
Gabriel Oliveira de Souza,Rafael Tury Minatel 🏳️‍🌈,"8/29/25, 2:26 PM",,OUTGOING,https://www.linkedin.com/in/gabriel-tazz,https://www.linkedin.com/in/rafaelturyminatel
Gabriel Oliveira de Souza,Camila de Lima Almeida da Silva,"8/29/25, 2:25 PM",,OUTGOING,https://www.linkedin.com/in/gabriel-tazz,https://www.linkedin.com/in/camila-de-lima-almeida-da-silva
Gabriel Oliveira de Souza,Gean Gobo da Cruz,"8/29/25, 2:25 PM",,OUTGOING,https://www.linkedin.com/in/gabriel-tazz,https://www.linkedin.com/in/geangobo
Gabriel Oliveira de Souza,Diogo Prado,"8/29/25, 2:25 PM",,OUTGOING,https://www.linkedin.com/in/gabriel-tazz,https://www.linkedin.com/in/diogohsp
Gabriel Oliveira de Souza,Davi Santana,"8/29/25, 2:25 PM",,OUTGOING,https://www.linkedin.com/in/gabriel-tazz,https://www.linkedin.com/in/davimoreiraprogrammer
Gabriel Oliveira de Souza,Lara Estefany,"8/29/25, 2:25 PM",,OUTGOING,https://www.linkedin.com/in/gabriel-tazz,https://www.linkedin.com/in/lara-estefany
Gabriel Oliveira de Souza,Breno Melo,"8/29/25, 2:24 PM",,OUTGOING,https://www.linkedin.com/in/gabriel-tazz,https://www.linkedin.com/in/breno-melo-porcel
Gabriel Oliveira de Souza,Jayro Boy Neto,"8/29/25, 2:24 PM",,OUTGOING,https://www.linkedin.com/in/gabriel-tazz,https://www.linkedin.com/in/o-terceiro-jayro-boy
Gabriel Oliveira de Souza,Daniel Miguel,"8/29/25, 2:24 PM",,OUTGOING,https://www.linkedin.com/in/gabriel-tazz,https://www.linkedin.com/in/daniel-miguel-h
Gabriel Oliveira de Souza,Carlos Henrique,"8/29/25, 2:24 PM",,OUTGOING,https://www.linkedin.com/in/gabriel-tazz,https://www.linkedin.com/in/carlos-henrique-b-goncalves
Gabriel Oliveira de Souza,Jaine Josiane Camargos Pego Santos,"8/29/25, 2:23 PM",,OUTGOING,https://www.linkedin.com/in/gabriel-tazz,https://www.linkedin.com/in/jainejosiane
Gabriel Oliveira de Souza,Joao Souza,"8/29/25, 2:23 PM",,OUTGOING,https://www.linkedin.com/in/gabriel-tazz,https://www.linkedin.com/in/joao-souza-95aa41202
Gabriel Oliveira de Souza,Lucas Miranda,"8/29/25, 2:22 PM",,OUTGOING,https://www.linkedin.com/in/gabriel-tazz,https://www.linkedin.com/in/lucasgmm
Gabriel Oliveira de Souza,Carolina Pinsdorf,"8/29/25, 2:21 PM",,OUTGOING,https://www.linkedin.com/in/gabriel-tazz,https://www.linkedin.com/in/carolinapinsdorf
Gabriel Oliveira de Souza,Renan dos Reis Fernandes,"8/29/25, 2:21 PM",,OUTGOING,https://www.linkedin.com/in/gabriel-tazz,https://www.linkedin.com/in/renan-dos-reis-fernandes-developer
Gabriel Oliveira de Souza,João Paulo Pereira da Silva,"8/29/25, 2:20 PM",,OUTGOING,https://www.linkedin.com/in/gabriel-tazz,https://www.linkedin.com/in/joão-paulo-pereira-da-silva-
Gabriel Oliveira de Souza,Renata Negrini,"8/29/25, 2:18 PM",,OUTGOING,https://www.linkedin.com/in/gabriel-tazz,https://www.linkedin.com/in/rmln
Gabriel Oliveira de Souza,Pedro Schneider,"8/29/25, 2:18 PM",,OUTGOING,https://www.linkedin.com/in/gabriel-tazz,https://www.linkedin.com/in/pedro-schneider-485b97261
Gabriel Oliveira de Souza,Richard Soares,"8/29/25, 2:18 PM",,OUTGOING,https://www.linkedin.com/in/gabriel-tazz,https://www.linkedin.com/in/richardsoaress
Gabriel Oliveira de Souza,Luan V. Mendes,"8/29/25, 2:17 PM",,OUTGOING,https://www.linkedin.com/in/gabriel-tazz,https://www.linkedin.com/in/luanvmendes
Gabriel Oliveira de Souza,"Lucas Stankus, MSc","8/29/25, 2:17 PM",,OUTGOING,https://www.linkedin.com/in/gabriel-tazz,https://www.linkedin.com/in/lpstankus
Gabriel Oliveira de Souza,Gabriel Garcia Lorencetti,"8/29/25, 2:17 PM",,OUTGOING,https://www.linkedin.com/in/gabriel-tazz,https://www.linkedin.com/in/gabriellorencetti
Gabriel Oliveira de Souza,Guilherme Sebastião Teodoro Junior,"8/29/25, 2:16 PM",,OUTGOING,https://www.linkedin.com/in/gabriel-tazz,https://www.linkedin.com/in/teogstj
Gabriel Oliveira de Souza,Luiz Felipe Souza De Oliveira,"8/29/25, 2:16 PM",,OUTGOING,https://www.linkedin.com/in/gabriel-tazz,https://www.linkedin.com/in/luiz-felipe-souza-de-oliveira-515308225
Gabriel Oliveira de Souza,Henrico Lazuroz,"8/29/25, 2:15 PM",,OUTGOING,https://www.linkedin.com/in/gabriel-tazz,https://www.linkedin.com/in/henrico-lazuroz
Gabriel Oliveira de Souza,Lucas Trevelin,"8/29/25, 2:15 PM",,OUTGOING,https://www.linkedin.com/in/gabriel-tazz,https://www.linkedin.com/in/lucas-trevelin-309106141
Gabriel Oliveira de Souza,Pedro Henrique de Sousa Prestes,"8/29/25, 2:14 PM",,OUTGOING,https://www.linkedin.com/in/gabriel-tazz,https://www.linkedin.com/in/pedro-henrique-de-sousa-prestes-67ab64302
Gabriel Oliveira de Souza,Rafael Tetzner,"8/29/25, 2:14 PM",,OUTGOING,https://www.linkedin.com/in/gabriel-tazz,https://www.linkedin.com/in/rafael-tetzner
Gabriel Oliveira de Souza,Kailani Esteves Barboza,"8/29/25, 2:14 PM",,OUTGOING,https://www.linkedin.com/in/gabriel-tazz,https://www.linkedin.com/in/kailani-esteves-barboza
Gabriel Oliveira de Souza,Lucas Piovani,"8/29/25, 2:14 PM",,OUTGOING,https://www.linkedin.com/in/gabriel-tazz,https://www.linkedin.com/in/lucas-piovani-6b1680145
Gabriel Oliveira de Souza,Guilherme Lourenço,"8/29/25, 2:14 PM",,OUTGOING,https://www.linkedin.com/in/gabriel-tazz,https://www.linkedin.com/in/guitld
Gabriel Oliveira de Souza,Perimadson Araujo Machado,"8/29/25, 2:14 PM",,OUTGOING,https://www.linkedin.com/in/gabriel-tazz,https://www.linkedin.com/in/perimadson-araujo
Gabriel Oliveira de Souza,Afonso Pacheco,"8/29/25, 2:11 PM",,OUTGOING,https://www.linkedin.com/in/gabriel-tazz,https://www.linkedin.com/in/afonso-pachecorh
Gabriel Oliveira de Souza,Priscila F. Azevêdo,"8/29/25, 2:10 PM",,OUTGOING,https://www.linkedin.com/in/gabriel-tazz,https://www.linkedin.com/in/priscila-f-azevêdo-28a23a21a
Gabriel Oliveira de Souza,Pedro Dias,"8/29/25, 2:10 PM",,OUTGOING,https://www.linkedin.com/in/gabriel-tazz,https://www.linkedin.com/in/pedrodias-dev
Gabriel Oliveira de Souza,Lucas Michel,"8/29/25, 2:10 PM",,OUTGOING,https://www.linkedin.com/in/gabriel-tazz,https://www.linkedin.com/in/lucas-michel-a60a42199
Gabriel Oliveira de Souza,Luís Eduardo Rozante,"8/29/25, 2:10 PM",,OUTGOING,https://www.linkedin.com/in/gabriel-tazz,https://www.linkedin.com/in/lerozante
Gabriel Oliveira de Souza,Gabriel Kuabara,"8/29/25, 2:09 PM",,OUTGOING,https://www.linkedin.com/in/gabriel-tazz,https://www.linkedin.com/in/gkuabara
Gabriel Oliveira de Souza,Dikson S.,"8/29/25, 2:09 PM",,OUTGOING,https://www.linkedin.com/in/gabriel-tazz,https://www.linkedin.com/in/diksown
Gabriel Oliveira de Souza,Natan Sanches,"8/29/25, 2:08 PM",,OUTGOING,https://www.linkedin.com/in/gabriel-tazz,https://www.linkedin.com/in/natan-sanches
Gabriel Oliveira de Souza,Bruno Alves,"8/29/25, 11:50 AM",,OUTGOING,https://www.linkedin.com/in/gabriel-tazz,https://www.linkedin.com/in/bruno-alves-6456b7289
Gabriel Oliveira de Souza,Valfrides Fernandes de Freitas,"8/29/25, 11:46 AM",,OUTGOING,https://www.linkedin.com/in/gabriel-tazz,https://www.linkedin.com/in/valfrides-fernandes-de-freitas-279596236
Gabriel Oliveira de Souza,Artur Dallmann,"8/29/25, 11:46 AM",,OUTGOING,https://www.linkedin.com/in/gabriel-tazz,https://www.linkedin.com/in/arturdallmann
Gabriel Oliveira de Souza,Lorena Serravallo da Silva,"8/29/25, 11:45 AM",,OUTGOING,https://www.linkedin.com/in/gabriel-tazz,https://www.linkedin.com/in/lorenaserravallo
Gabriel Oliveira de Souza,Julia Gloor,"8/29/25, 11:45 AM",,OUTGOING,https://www.linkedin.com/in/gabriel-tazz,https://www.linkedin.com/in/julia-gloor-95806a372
Gabriel Oliveira de Souza,Eduardo Valença,"8/29/25, 11:45 AM",,OUTGOING,https://www.linkedin.com/in/gabriel-tazz,https://www.linkedin.com/in/eduardo-valença-84639222b
Gabriel Oliveira de Souza,Fernando Gouveia Lima,"8/28/25, 12:46 AM",,OUTGOING,https://www.linkedin.com/in/gabriel-tazz,https://www.linkedin.com/in/fernandogouveialima
Gabriel Oliveira de Souza,Rodolfo Meneguette,"8/28/25, 12:46 AM",,OUTGOING,https://www.linkedin.com/in/gabriel-tazz,https://www.linkedin.com/in/rodolfo-meneguette-30287329
Gabriel Oliveira de Souza,Nicolas Moro,"8/28/25, 12:44 AM",,OUTGOING,https://www.linkedin.com/in/gabriel-tazz,https://www.linkedin.com/in/devnicolas
Gabriel Oliveira de Souza,Johan Henrique,"8/28/25, 12:40 AM",,OUTGOING,https://www.linkedin.com/in/gabriel-tazz,https://www.linkedin.com/in/johandev06062
Gabriel Oliveira de Souza,Amaro Júnior,"8/28/25, 12:40 AM",,OUTGOING,https://www.linkedin.com/in/gabriel-tazz,https://www.linkedin.com/in/jrvalerio
Gabriel Oliveira de Souza,Samuel Chagas,"8/28/25, 12:35 AM",,OUTGOING,https://www.linkedin.com/in/gabriel-tazz,https://www.linkedin.com/in/samueldeff
Gabriel Oliveira de Souza,Henrique Cardoso,"8/28/25, 12:35 AM",,OUTGOING,https://www.linkedin.com/in/gabriel-tazz,https://www.linkedin.com/in/ratzeiro
Gabriel Oliveira de Souza,Gabriel Silva,"8/28/25, 12:33 AM",,OUTGOING,https://www.linkedin.com/in/gabriel-tazz,https://www.linkedin.com/in/gabriel-silva-512194379
Gabriel Oliveira de Souza,Igor S Silva,"8/28/25, 12:32 AM",,OUTGOING,https://www.linkedin.com/in/gabriel-tazz,https://www.linkedin.com/in/igorsssilva
Gabriel Oliveira de Souza,Ana Beatriz  Lobo,"8/28/25, 12:32 AM",,OUTGOING,https://www.linkedin.com/in/gabriel-tazz,https://www.linkedin.com/in/ana-beatriz-lobo-0604ba36a
Gabriel Oliveira de Souza,Julio cesar Vieira,"8/28/25, 12:31 AM",,OUTGOING,https://www.linkedin.com/in/gabriel-tazz,https://www.linkedin.com/in/julio-cesar-vieira-411465378
Gabriel Oliveira de Souza,Guilherme Matias,"8/28/25, 12:31 AM",,OUTGOING,https://www.linkedin.com/in/gabriel-tazz,https://www.linkedin.com/in/guilherme-matias-203870377
Gabriel Oliveira de Souza,Gabriel S Pinheiro,"8/28/25, 12:30 AM",,OUTGOING,https://www.linkedin.com/in/gabriel-tazz,https://www.linkedin.com/in/gabriel-s-pinheiro-0a937837b
Gabriel Oliveira de Souza,Carolina Monte Santo Barbosa,"8/28/25, 12:30 AM",,OUTGOING,https://www.linkedin.com/in/gabriel-tazz,https://www.linkedin.com/in/carolina-monte-santo-barbosa-a11317374
Gabriel Oliveira de Souza,Humberto Barbosa,"8/28/25, 12:30 AM",,OUTGOING,https://www.linkedin.com/in/gabriel-tazz,https://www.linkedin.com/in/humbertobarbosadev
Gabriel Oliveira de Souza,Jonatã Roberto Nascimento,"8/28/25, 12:30 AM",,OUTGOING,https://www.linkedin.com/in/gabriel-tazz,https://www.linkedin.com/in/sdjonatanascimento
Gabriel Oliveira de Souza,Alice Gomes,"8/28/25, 12:30 AM",,OUTGOING,https://www.linkedin.com/in/gabriel-tazz,https://www.linkedin.com/in/alice-gomes-343304370
Gabriel Oliveira de Souza,Kemily Moresco Meert,"8/28/25, 12:29 AM",,OUTGOING,https://www.linkedin.com/in/gabriel-tazz,https://www.linkedin.com/in/kemily-meert
Gabriel Oliveira de Souza,Nog Code,"8/28/25, 12:29 AM",,OUTGOING,https://www.linkedin.com/in/gabriel-tazz,https://www.linkedin.com/in/nogcode
Gabriel Oliveira de Souza,Jefferson Brandão,"8/28/25, 12:27 AM",,OUTGOING,https://www.linkedin.com/in/gabriel-tazz,https://www.linkedin.com/in/ojeffersonbrandao
Gabriel Oliveira de Souza,Lucas Pires Cotta,"8/28/25, 12:27 AM",,OUTGOING,https://www.linkedin.com/in/gabriel-tazz,https://www.linkedin.com/in/lucas-pires-cotta
Gabriel Oliveira de Souza,JOÃO VICTOR,"8/28/25, 12:26 AM",,OUTGOING,https://www.linkedin.com/in/gabriel-tazz,https://www.linkedin.com/in/joão-victor-388a9536b
Gabriel Oliveira de Souza,Richard Sanches ,"8/28/25, 12:26 AM",,OUTGOING,https://www.linkedin.com/in/gabriel-tazz,https://www.linkedin.com/in/richard-sanches-419a2a36b
Gabriel Oliveira de Souza,Caroline  Moto,"8/28/25, 12:25 AM",,OUTGOING,https://www.linkedin.com/in/gabriel-tazz,https://www.linkedin.com/in/dev-caroline-moto
Gabriel Oliveira de Souza,Renan Souza,"8/28/25, 12:25 AM",,OUTGOING,https://www.linkedin.com/in/gabriel-tazz,https://www.linkedin.com/in/cablui
Gabriel Oliveira de Souza,Rafael Corrêa de Melo,"8/28/25, 12:25 AM",,OUTGOING,https://www.linkedin.com/in/gabriel-tazz,https://www.linkedin.com/in/rafael-correa-de-melo
Gabriel Oliveira de Souza,Douglas O. Luciano,"8/28/25, 12:25 AM",,OUTGOING,https://www.linkedin.com/in/gabriel-tazz,https://www.linkedin.com/in/douglasluciano2
Gabriel Oliveira de Souza,Erika Sugawara,"8/28/25, 12:24 AM",,OUTGOING,https://www.linkedin.com/in/gabriel-tazz,https://www.linkedin.com/in/erika-sugawara
Gabriel Oliveira de Souza,Natã Botelho,"8/27/25, 10:36 AM",,OUTGOING,https://www.linkedin.com/in/gabriel-tazz,https://www.linkedin.com/in/nata-botelho
Gabriel Oliveira de Souza,Matheus Vellosa,"8/27/25, 10:36 AM",,OUTGOING,https://www.linkedin.com/in/gabriel-tazz,https://www.linkedin.com/in/matheus-vellosa
Gabriel Oliveira de Souza,Italo de Matos Saldanha,"8/27/25, 10:36 AM",,OUTGOING,https://www.linkedin.com/in/gabriel-tazz,https://www.linkedin.com/in/italo-de-matos
Gabriel Oliveira de Souza,João Pedro Rodrigues Freitas,"8/27/25, 10:35 AM",,OUTGOING,https://www.linkedin.com/in/gabriel-tazz,https://www.linkedin.com/in/joaoprf
Gabriel Oliveira de Souza,Matheus Carvalho Raimundo,"8/27/25, 10:35 AM",,OUTGOING,https://www.linkedin.com/in/gabriel-tazz,https://www.linkedin.com/in/mcarvalhor
Gabriel Oliveira de Souza,Mateus Juares Felipe,"8/27/25, 10:35 AM",,OUTGOING,https://www.linkedin.com/in/gabriel-tazz,https://www.linkedin.com/in/mateus-juares-felipe-127079375
Gabriel Oliveira de Souza,Juliana da Silva Santos 🏳️‍🌈,"8/27/25, 10:35 AM",,OUTGOING,https://www.linkedin.com/in/gabriel-tazz,https://www.linkedin.com/in/juliana-santos1390
Gabriel Oliveira de Souza,Marília Takaguti Dicezare,"8/27/25, 10:35 AM",,OUTGOING,https://www.linkedin.com/in/gabriel-tazz,https://www.linkedin.com/in/mariliadicezare
Gabriel Oliveira de Souza,Fernanda Souza da Silva,"8/22/25, 4:26 PM",,OUTGOING,https://www.linkedin.com/in/gabriel-tazz,https://www.linkedin.com/in/fernanda-souza-ti
Gabriel Oliveira de Souza,Gustavo Grande,"8/13/25, 4:37 PM",,OUTGOING,https://www.linkedin.com/in/gabriel-tazz,https://www.linkedin.com/in/gustavo-grande-44a705359
Gabriel Oliveira de Souza,Marcos Voelzke,"8/12/25, 11:20 PM","Sou seu aluno de CCP na UNICSUL. Tenho o hábito de espionar o LinkedIn de todos os meus professores, espero que aceite minha solicitação de conecxão, abraços.",OUTGOING,https://www.linkedin.com/in/gabriel-tazz,https://www.linkedin.com/in/marcos-voelzke-2b901269
Gabriel Oliveira de Souza,Elisa Yumi Nakagawa,"8/9/25, 7:52 PM",,OUTGOING,https://www.linkedin.com/in/gabriel-tazz,https://www.linkedin.com/in/elisa-yumi-nakagawa-757570272
Gabriel Oliveira de Souza,Carlos Ferreira,"8/8/25, 8:49 PM",,OUTGOING,https://www.linkedin.com/in/gabriel-tazz,https://www.linkedin.com/in/carlos-ferreira-3a027815
Gabriel Oliveira de Souza,André Guarnier De Mitri,"8/8/25, 8:50 PM",,OUTGOING,https://www.linkedin.com/in/gabriel-tazz,https://www.linkedin.com/in/andre-de-mitri
Gabriel Oliveira de Souza,Alberto Islas,"8/5/25, 8:09 PM",,OUTGOING,https://www.linkedin.com/in/gabriel-tazz,https://www.linkedin.com/in/alberto-islas-2051a9101
Gabriel Oliveira de Souza,Gabrielle Oliveira de Souza,"8/1/25, 1:59 AM",,OUTGOING,https://www.linkedin.com/in/gabriel-tazz,https://www.linkedin.com/in/gabrielleosouza
Gabriel Oliveira de Souza,Rafael Marinho,"7/30/25, 9:47 PM",,OUTGOING,https://www.linkedin.com/in/gabriel-tazz,https://www.linkedin.com/in/fhaelmarinho
Gabriel Oliveira de Souza,Amanda Adami,"7/29/25, 11:05 PM",,OUTGOING,https://www.linkedin.com/in/gabriel-tazz,https://www.linkedin.com/in/amandacadami
Gabriel Oliveira de Souza,Sophia de Albuquerque,"5/6/25, 10:52 AM",,OUTGOING,https://www.linkedin.com/in/gabriel-tazz,https://www.linkedin.com/in/sophia-de-albuquerque-eleuterio
Gabriel Oliveira de Souza,Matheus Ferreira,"4/22/25, 6:52 AM",,OUTGOING,https://www.linkedin.com/in/gabriel-tazz,https://www.linkedin.com/in/matheusf3r
Gabriel Oliveira de Souza,Arthur Juwer Rambo,"4/14/25, 6:46 PM",,OUTGOING,https://www.linkedin.com/in/gabriel-tazz,https://www.linkedin.com/in/arthurjuwer
Gabriel Oliveira de Souza,Sthefanie Monteiro,"4/9/25, 11:39 AM",,OUTGOING,https://www.linkedin.com/in/gabriel-tazz,https://www.linkedin.com/in/sthefaniemonteiro
Gabriel Oliveira de Souza,Pedro Eler,"3/31/25, 11:30 AM",,OUTGOING,https://www.linkedin.com/in/gabriel-tazz,https://www.linkedin.com/in/pedroeler
Gabriel Oliveira de Souza,Daniel Neres Rodrigues,"3/28/25, 8:01 PM",,OUTGOING,https://www.linkedin.com/in/gabriel-tazz,https://www.linkedin.com/in/daniel-neres-rodrigues
Gabriel Oliveira de Souza,Miller Matheus Lima Anacleto Rocha,"3/25/25, 1:11 PM",,OUTGOING,https://www.linkedin.com/in/gabriel-tazz,https://www.linkedin.com/in/anacletomiller
Gabriel Oliveira de Souza,Eduardo Cruz Guedes,"3/25/25, 11:26 AM",,OUTGOING,https://www.linkedin.com/in/gabriel-tazz,https://www.linkedin.com/in/educg550
Gabriel Oliveira de Souza,Lucas de Souza Brandão,"3/25/25, 11:26 AM",,OUTGOING,https://www.linkedin.com/in/gabriel-tazz,https://www.linkedin.com/in/sb-lucas
Gabriel Oliveira de Souza,Sofhia de Souza Gonçalves,"3/25/25, 8:50 AM",,OUTGOING,https://www.linkedin.com/in/gabriel-tazz,https://www.linkedin.com/in/sofhiasouza
Gabriel Oliveira de Souza,Lucas Pereira,"3/25/25, 8:48 AM",,OUTGOING,https://www.linkedin.com/in/gabriel-tazz,https://www.linkedin.com/in/pereira-lucas-br
Gabriel Oliveira de Souza,Francisco Monaco,"3/25/25, 8:45 AM",,OUTGOING,https://www.linkedin.com/in/gabriel-tazz,https://www.linkedin.com/in/drmoaco
Gabriel Oliveira de Souza,Adalton Almeida,"3/25/25, 8:44 AM",,OUTGOING,https://www.linkedin.com/in/gabriel-tazz,https://www.linkedin.com/in/adalton-sena-filho
Gabriel Oliveira de Souza,Maria Júlia Soares De Grandi,"3/25/25, 8:43 AM",,OUTGOING,https://www.linkedin.com/in/gabriel-tazz,https://www.linkedin.com/in/maria-julia-degrandi
Gabriel Oliveira de Souza,Maria Rita G C Hott,"3/25/25, 8:41 AM",,OUTGOING,https://www.linkedin.com/in/gabriel-tazz,https://www.linkedin.com/in/maria-rita-g-c-hott-952111326
Gabriel Oliveira de Souza,Alexandre Delbem,"3/25/25, 8:40 AM",,OUTGOING,https://www.linkedin.com/in/gabriel-tazz,https://www.linkedin.com/in/alexandre-delbem-3147411a
Gabriel Oliveira de Souza,Gabriel Barbosa,"3/25/25, 8:40 AM",,OUTGOING,https://www.linkedin.com/in/gabriel-tazz,https://www.linkedin.com/in/gabsbarbosa
Gabriel Oliveira de Souza,João Gabriel Rocha Cerqueira,"3/24/25, 11:50 AM",,OUTGOING,https://www.linkedin.com/in/gabriel-tazz,https://www.linkedin.com/in/joão-gabriel-rocha-cerqueira-b2705a292
Gabriel Oliveira de Souza,Davi Luz,"3/24/25, 8:00 AM",,OUTGOING,https://www.linkedin.com/in/gabriel-tazz,https://www.linkedin.com/in/davi-luz-8b3717297
Gabriel Oliveira de Souza,Guilherme Duarte🔹️,"3/23/25, 7:33 AM",,OUTGOING,https://www.linkedin.com/in/gabriel-tazz,https://www.linkedin.com/in/guilherme-oduarte
Gabriel Oliveira de Souza,Gustavo Augusto,"3/23/25, 7:30 AM",,OUTGOING,https://www.linkedin.com/in/gabriel-tazz,https://www.linkedin.com/in/gustavoaugustogaao
Gabriel Oliveira de Souza,Amanda Fernandes,"3/23/25, 7:27 AM",,OUTGOING,https://www.linkedin.com/in/gabriel-tazz,https://www.linkedin.com/in/amanda-fernandes-software-engineer
Gabriel Oliveira de Souza,Erik Vilar,"3/22/25, 5:25 PM",,OUTGOING,https://www.linkedin.com/in/gabriel-tazz,https://www.linkedin.com/in/deverik
Gabriel Oliveira de Souza,Gabriel Lima,"3/22/25, 2:51 PM",,OUTGOING,https://www.linkedin.com/in/gabriel-tazz,https://www.linkedin.com/in/gabriel-lima-ba78a2128
Gabriel Oliveira de Souza,Gustavo Barbosa,"3/22/25, 1:58 PM",,OUTGOING,https://www.linkedin.com/in/gabriel-tazz,https://www.linkedin.com/in/gustavosb64
Gabriel Oliveira de Souza,Felipe Freitas,"3/22/25, 1:57 PM",,OUTGOING,https://www.linkedin.com/in/gabriel-tazz,https://www.linkedin.com/in/fellipefreittas
Gabriel Oliveira de Souza,Victor Stelzer Machado,"3/22/25, 1:50 PM",,OUTGOING,https://www.linkedin.com/in/gabriel-tazz,https://www.linkedin.com/in/victor-stelzer-machado-6b8a43253
Gabriel Oliveira de Souza,Primo Melaré,"3/22/25, 1:47 PM",,OUTGOING,https://www.linkedin.com/in/gabriel-tazz,https://www.linkedin.com/in/primo-melaré-7bba50113
Gabriel Oliveira de Souza,Victor Lutes,"3/22/25, 1:47 PM",,OUTGOING,https://www.linkedin.com/in/gabriel-tazz,https://www.linkedin.com/in/victor-lutes-2a7051245
Gabriel Oliveira de Souza,João Pedro Alves Notari Godoy,"3/22/25, 1:46 PM",,OUTGOING,https://www.linkedin.com/in/gabriel-tazz,https://www.linkedin.com/in/joaopgodoy
Fernando Araújo,Gabriel Oliveira de Souza,"9/10/25, 6:11 AM",,INCOMING,https://www.linkedin.com/in/fernando-caetano-de-araujo,https://www.linkedin.com/in/gabriel-tazz
Matheus Augusto Silva,Gabriel Oliveira de Souza,"9/8/25, 8:53 AM",,INCOMING,https://www.linkedin.com/in/matheus-augusto-costa-da-silva,https://www.linkedin.com/in/gabriel-tazz
Roger Bertan,Gabriel Oliveira de Souza,"9/8/25, 6:35 AM",,INCOMING,https://www.linkedin.com/in/roger-bertan-71001117a,https://www.linkedin.com/in/gabriel-tazz
Marcus Guedes,Gabriel Oliveira de Souza,"9/8/25, 6:32 AM",,INCOMING,https://www.linkedin.com/in/marcusguedess,https://www.linkedin.com/in/gabriel-tazz
Munique Feitoza,Gabriel Oliveira de Souza,"9/6/25, 11:36 AM",,INCOMING,https://www.linkedin.com/in/munique-feitoza-77034b231,https://www.linkedin.com/in/gabriel-tazz
Yann Smith,Gabriel Oliveira de Souza,"9/4/25, 1:08 PM",,INCOMING,https://www.linkedin.com/in/yann-smiith,https://www.linkedin.com/in/gabriel-tazz
Eduardo Vernizzi,Gabriel Oliveira de Souza,"9/3/25, 11:52 AM",,INCOMING,https://www.linkedin.com/in/carlosvernizzi,https://www.linkedin.com/in/gabriel-tazz
João Victor,Gabriel Oliveira de Souza,"9/3/25, 7:28 AM",,INCOMING,https://www.linkedin.com/in/dev-joao-victor,https://www.linkedin.com/in/gabriel-tazz
Edinan C. Morais,Gabriel Oliveira de Souza,"9/2/25, 11:04 AM",,INCOMING,https://www.linkedin.com/in/edinan-c-morais-43170a193,https://www.linkedin.com/in/gabriel-tazz
Mueezur Rehman,Gabriel Oliveira de Souza,"9/1/25, 4:48 AM",,INCOMING,https://www.linkedin.com/in/mueezur-rehman786,https://www.linkedin.com/in/gabriel-tazz
Luís Gustavo de Oliveira,Gabriel Oliveira de Souza,"8/31/25, 6:06 AM",,INCOMING,https://www.linkedin.com/in/lgustavodeoliveira,https://www.linkedin.com/in/gabriel-tazz
Samuel Henrique Siqueira de Paiva,Gabriel Oliveira de Souza,"8/29/25, 4:22 PM",,INCOMING,https://www.linkedin.com/in/samuelhspv,https://www.linkedin.com/in/gabriel-tazz
Joandson Fernandes Campos,Gabriel Oliveira de Souza,"8/29/25, 3:21 PM",,INCOMING,https://www.linkedin.com/in/joandsonfernandes,https://www.linkedin.com/in/gabriel-tazz
Vinicius Ladini,Gabriel Oliveira de Souza,"8/26/25, 9:55 AM",,INCOMING,https://www.linkedin.com/in/viniciusladini,https://www.linkedin.com/in/gabriel-tazz
Edmar Wantuil,Gabriel Oliveira de Souza,"8/24/25, 6:33 PM",,INCOMING,https://www.linkedin.com/in/ed-wantuil,https://www.linkedin.com/in/gabriel-tazz
Vinicios Conceição de São José,Gabriel Oliveira de Souza,"8/3/25, 8:25 PM",,INCOMING,https://www.linkedin.com/in/vinicios-c-b11856230,https://www.linkedin.com/in/gabriel-tazz
Gustavo Campos de Mello Lopes,Gabriel Oliveira de Souza,"7/28/25, 5:01 AM",,INCOMING,https://www.linkedin.com/in/gustavo-campos-de-mello-lopes-864217297,https://www.linkedin.com/in/gabriel-tazz
Santraj Yadav,Gabriel Oliveira de Souza,"7/25/25, 12:02 PM",,INCOMING,https://www.linkedin.com/in/santrajyadav196,https://www.linkedin.com/in/gabriel-tazz
Geovana Aragão,Gabriel Oliveira de Souza,"7/23/25, 9:32 AM",,INCOMING,https://www.linkedin.com/in/geovana-aragão-391b64211,https://www.linkedin.com/in/gabriel-tazz
Ezedin Yassin,Gabriel Oliveira de Souza,"7/21/25, 4:15 AM",,INCOMING,https://www.linkedin.com/in/syntaxdesigns,https://www.linkedin.com/in/gabriel-tazz
Nishu Singhal,Gabriel Oliveira de Souza,"7/17/25, 4:09 AM",,INCOMING,https://www.linkedin.com/in/nishu-singhal-223260239,https://www.linkedin.com/in/gabriel-tazz
Henrique Monteiro,Gabriel Oliveira de Souza,"7/14/25, 10:31 AM",,INCOMING,https://www.linkedin.com/in/henriquemonteiro-b1b9b9346,https://www.linkedin.com/in/gabriel-tazz
Sarah Andrade,Gabriel Oliveira de Souza,"7/8/25, 8:39 AM",,INCOMING,https://www.linkedin.com/in/sarah-andrade-b09451270,https://www.linkedin.com/in/gabriel-tazz
Victor Hugo Rocha Villalobos,Gabriel Oliveira de Souza,"7/7/25, 7:21 AM",,INCOMING,https://www.linkedin.com/in/vill4lobos,https://www.linkedin.com/in/gabriel-tazz
Luan Aparecido Gomes de Avila ,Gabriel Oliveira de Souza,"6/19/25, 3:26 PM",,INCOMING,https://www.linkedin.com/in/luan-aparecido-gomes-de-avila-784481210,https://www.linkedin.com/in/gabriel-tazz
Gustavo Lenni,Gabriel Oliveira de Souza,"6/18/25, 5:15 AM",,INCOMING,https://www.linkedin.com/in/gustavolenni,https://www.linkedin.com/in/gabriel-tazz
Nicacio Santos,Gabriel Oliveira de Souza,"6/16/25, 3:42 AM",,INCOMING,https://www.linkedin.com/in/nicacio-santos-6870b230b,https://www.linkedin.com/in/gabriel-tazz
Gabriel Ferezim Lindsiepe,Gabriel Oliveira de Souza,"6/9/25, 3:47 AM",,INCOMING,https://www.linkedin.com/in/gabriel-ferezim-lindsiepe-a8a2ba28a,https://www.linkedin.com/in/gabriel-tazz
Zeeshan Nasir,Gabriel Oliveira de Souza,"6/3/25, 8:12 AM",,INCOMING,https://www.linkedin.com/in/zeeshan-nasir-0ab976315,https://www.linkedin.com/in/gabriel-tazz
Leandro Junior,Gabriel Oliveira de Souza,"6/3/25, 5:30 AM",,INCOMING,https://www.linkedin.com/in/leandro-juniorr,https://www.linkedin.com/in/gabriel-tazz
Thais Peichim,Gabriel Oliveira de Souza,"5/30/25, 3:42 PM",,INCOMING,https://www.linkedin.com/in/thaispeichim,https://www.linkedin.com/in/gabriel-tazz
Deyvisson Robert Santos,Gabriel Oliveira de Souza,"5/30/25, 3:09 PM",,INCOMING,https://www.linkedin.com/in/deyvisson-robert-santos,https://www.linkedin.com/in/gabriel-tazz
Danilo Almeida Damasceno,Gabriel Oliveira de Souza,"5/27/25, 5:12 PM",,INCOMING,https://www.linkedin.com/in/daniloadamasceno,https://www.linkedin.com/in/gabriel-tazz
Weverton Magalhães,Gabriel Oliveira de Souza,"5/23/25, 4:48 PM",,INCOMING,https://www.linkedin.com/in/weverton-magalhães-94960423a,https://www.linkedin.com/in/gabriel-tazz
Edson Copque,Gabriel Oliveira de Souza,"5/7/25, 10:37 AM",,INCOMING,https://www.linkedin.com/in/ecopque,https://www.linkedin.com/in/gabriel-tazz
Lucas de Carvalho Rodrigues da Silva,Gabriel Oliveira de Souza,"5/7/25, 7:55 AM",,INCOMING,https://www.linkedin.com/in/zsinx6,https://www.linkedin.com/in/gabriel-tazz
Samuel Inocêncio,Gabriel Oliveira de Souza,"5/1/25, 3:00 AM",,INCOMING,https://www.linkedin.com/in/samuel-ferreira-inocencio,https://www.linkedin.com/in/gabriel-tazz
Rafael Mendes,Gabriel Oliveira de Souza,"4/30/25, 4:55 AM",,INCOMING,https://www.linkedin.com/in/rafaelmendeslopes,https://www.linkedin.com/in/gabriel-tazz
Gleidson Tiago,Gabriel Oliveira de Souza,"4/27/25, 8:42 PM",,INCOMING,https://www.linkedin.com/in/gleidson-tiago-35784828b,https://www.linkedin.com/in/gabriel-tazz
Bruno Diniz Oliveira,Gabriel Oliveira de Souza,"4/27/25, 2:22 PM",,INCOMING,https://www.linkedin.com/in/bruno-diniz-oliveira,https://www.linkedin.com/in/gabriel-tazz
Gabriela Catharine Andreatta,Gabriel Oliveira de Souza,"4/26/25, 8:38 PM",,INCOMING,https://www.linkedin.com/in/gabriela-andreatta-tech,https://www.linkedin.com/in/gabriel-tazz
Luiz Eduardo da Silva,Gabriel Oliveira de Souza,"4/25/25, 7:07 AM",,INCOMING,https://www.linkedin.com/in/luizeduardodasilva,https://www.linkedin.com/in/gabriel-tazz
Matheus Inácio da Silva,Gabriel Oliveira de Souza,"4/24/25, 4:13 PM",,INCOMING,https://www.linkedin.com/in/matheus-inácio-da-silva-02a6aa2b6,https://www.linkedin.com/in/gabriel-tazz
Luiz Carlos de Campos Junior,Gabriel Oliveira de Souza,"4/22/25, 12:56 PM",,INCOMING,https://www.linkedin.com/in/luiz-carlos-de-campos-junior,https://www.linkedin.com/in/gabriel-tazz
David Felipe Velasquez Contreras,Gabriel Oliveira de Souza,"4/22/25, 7:35 AM",,INCOMING,https://www.linkedin.com/in/david-felipe-velasquez-contreras-72216b263,https://www.linkedin.com/in/gabriel-tazz
Matheus Ferreira,Gabriel Oliveira de Souza,"4/22/25, 2:54 AM",,INCOMING,https://www.linkedin.com/in/matheus-ferreira-a22310344,https://www.linkedin.com/in/gabriel-tazz
Jeniffer Santos,Gabriel Oliveira de Souza,"4/21/25, 11:36 AM",,INCOMING,https://www.linkedin.com/in/jeniffer-santos-671509207,https://www.linkedin.com/in/gabriel-tazz
Igor Felipe,Gabriel Oliveira de Souza,"4/21/25, 8:28 AM",,INCOMING,https://www.linkedin.com/in/igorfeleonel,https://www.linkedin.com/in/gabriel-tazz
Marco Antonio,Gabriel Oliveira de Souza,"4/21/25, 3:42 AM",,INCOMING,https://www.linkedin.com/in/marco-developer,https://www.linkedin.com/in/gabriel-tazz
Lúcio Paulo de Paula ,Gabriel Oliveira de Souza,"4/20/25, 6:57 AM",,INCOMING,https://www.linkedin.com/in/lúcio-paulo-de-paula-bb771a3a,https://www.linkedin.com/in/gabriel-tazz
Kássio Barros,Gabriel Oliveira de Souza,"4/19/25, 11:51 AM",,INCOMING,https://www.linkedin.com/in/kassiobarros,https://www.linkedin.com/in/gabriel-tazz
Ildemar  Ribeiro,Gabriel Oliveira de Souza,"4/18/25, 5:36 PM",,INCOMING,https://www.linkedin.com/in/ildemar-ribeiro-57a7169a,https://www.linkedin.com/in/gabriel-tazz
Kauã Silva,Gabriel Oliveira de Souza,"4/18/25, 2:51 PM",,INCOMING,https://www.linkedin.com/in/kauaandradesilva,https://www.linkedin.com/in/gabriel-tazz
Matheus Vicente,Gabriel Oliveira de Souza,"4/18/25, 10:41 AM",,INCOMING,https://www.linkedin.com/in/matheushrv,https://www.linkedin.com/in/gabriel-tazz
Erick  Robert,Gabriel Oliveira de Souza,"4/18/25, 6:35 AM",,INCOMING,https://www.linkedin.com/in/erickrobert,https://www.linkedin.com/in/gabriel-tazz
Rafael Magalhães,Gabriel Oliveira de Souza,"4/14/25, 6:26 PM",,INCOMING,https://www.linkedin.com/in/rafael-magalhães-844759216,https://www.linkedin.com/in/gabriel-tazz
Erisson de Oliveira,Gabriel Oliveira de Souza,"4/14/25, 6:22 PM",,INCOMING,https://www.linkedin.com/in/erisson-de-oliveira,https://www.linkedin.com/in/gabriel-tazz
Gilson De Jesus,Gabriel Oliveira de Souza,"4/14/25, 5:36 PM",,INCOMING,https://www.linkedin.com/in/gilsondejesus,https://www.linkedin.com/in/gabriel-tazz
Adelmo Gustavo Machado Alves,Gabriel Oliveira de Souza,"4/14/25, 5:08 PM",,INCOMING,https://www.linkedin.com/in/adelmodev,https://www.linkedin.com/in/gabriel-tazz
Eugénio  Prego,Gabriel Oliveira de Souza,"4/14/25, 6:56 AM",,INCOMING,https://www.linkedin.com/in/eugénio-prego-580149291,https://www.linkedin.com/in/gabriel-tazz
Victor Mordachini,Gabriel Oliveira de Souza,"4/14/25, 5:06 AM",,INCOMING,https://www.linkedin.com/in/victor-mordachini,https://www.linkedin.com/in/gabriel-tazz
Luis carlos Santos,Gabriel Oliveira de Souza,"4/11/25, 1:11 AM",,INCOMING,https://www.linkedin.com/in/luis-carlos-santos-3007842b9,https://www.linkedin.com/in/gabriel-tazz
Ana Claudia Rösing,Gabriel Oliveira de Souza,"4/9/25, 1:35 PM",,INCOMING,https://www.linkedin.com/in/ana-claudia-rosing-ferreira,https://www.linkedin.com/in/gabriel-tazz
PEDRO VIDAL,Gabriel Oliveira de Souza,"4/7/25, 9:46 AM",,INCOMING,https://www.linkedin.com/in/pedro-vidal-031764295,https://www.linkedin.com/in/gabriel-tazz
Gabriel Lourenço,Gabriel Oliveira de Souza,"4/1/25, 4:11 PM",,INCOMING,https://www.linkedin.com/in/gabriel-lourenço-97a833295,https://www.linkedin.com/in/gabriel-tazz
Pedro Henrique Marques Mendonça,Gabriel Oliveira de Souza,"4/1/25, 9:09 AM",,INCOMING,https://www.linkedin.com/in/pedrohmmendonca,https://www.linkedin.com/in/gabriel-tazz
Alisson Ferreira da Luz,Gabriel Oliveira de Souza,"4/1/25, 5:28 AM",,INCOMING,https://www.linkedin.com/in/alisson-ferreira-da-luz,https://www.linkedin.com/in/gabriel-tazz
