Question,Answer
How many years of work experience do you have with Cybersecurity?,0
What is your level of proficiency in eng?,Professional
How many years of work experience do you have with Spring Framework?,0
How many years of work experience do you have with Spring Boot?,0
Are you comfortable working in a remote setting?,Yes
How many years of work experience do you have with Java?,0
We must fill this position urgently. Can you start immediately?,Yes
How many years of work experience do you have with Automation?,2
How many years of work experience do you have with Django?,0
Last name,
How many years of work experience do you have with React.js?,0
Mobile phone number, +55 11963749115
How many years of work experience do you have with Oracle Forms?,0
Have you completed the following level of education: Bachelor's Degree?,No
How many years of IT experience do you currently have?,4
How many years of work experience do you have with SQL?,0
How many years of work experience do you have with Robotic Process Automation (RPA)?,2
Please submit a resume or LinkedIn profile, -848498302.pdf
How many years of work experience do you have with Selenium?,1
How many years of work experience do you have with English?,2
How many years of work experience do you have with ServiceNow?,0
How many years of work experience do you have with Directory Server?,0
How many years of work experience do you have with Access Management?,0
How many years of work experience do you have with Amazon Web Services (AWS)?,0
First name,
How many years of work experience do you have with Python (Programming Language)?,2
Are you comfortable working in an onsite setting?,Yes
How many years of work experience do you have with PL/SQL?,0
