Content Title,Content Description,Content Type,Content Last Watched Date (if viewed),Content Completed At (if completed),Content Saved,Notes taken on videos (if taken),
Fundamentos de Python: Collections,"Este curso é voltado para quem já conhece o básico de Python e deseja aprofundar seus conhecimentos nas principais estruturas de dados da linguagem. Ao longo das aulas, você vai aprender a utilizar listas, tuplas, dicionários e conjuntos, entendendo as diferenças, vantagens e aplicações de cada tipo de collection. O conteúdo é apresentado de forma prática e direta, com exemplos do dia a dia e exercícios para reforçar o aprendizado. Ao final do curso, você será capaz de manipular dados de maneira eficiente, tornando seus programas mais organizados, rápidos e funcionais.",Course,2025-08-10 02:54 UTC,N/A,false,N/A,
LGBTも働きやすい職場環境を作るには,LGBTという言葉を聞いたことがありますか。最近、LGBTなどの性的マイノリティに関するニュースが増えてきました。しかし自分の職場とは関係ない気がする、という方も多いのではないでしょうか。LGBTはあらゆる職場に関係する話です。このコースではLGBTに関する基礎知識とLGBTも働きやすい職場づくりに役立つヒントを解説します。基本的な用語の意味はもちろん、LGBTを取り巻く日本社会の状況や世界の流れ、LGBTが職場でよく直面する課題についても紹介します。このコースを見れば適切な知識をもとに、LGBTの支援者であるアライとしての第一歩を踏み出すことができます。,Course,2025-05-06 17:49 UTC,N/A,false,N/A,
Comunicação Assertiva para Gestores de Alto Desempenho,"Pronto/pronta para embarcar na jornada da comunicação assertiva?<br><br>

Junte-se a Marc Tawil, estrategista em comunicação com mais de trinta anos de experiência e explore o poder de liderar com confiança, empatia e assertividade. Desvende os segredos do autoconhecimento e os pilares da ética, valores, limites, necessidades, autoestima e autoconfiança. Desenvolva estratégias para uma comunicação clara e eficaz em diversos cenários, abrangendo desde a linguagem corporal até a gestão de conflitos. Gerencie sua comunicação com maestria, adaptando-se à complexidade do cenário corporativo, e torne-se um gestor ou gestora de alto desempenho que inspira e transforma.",Course,2025-03-17 02:48 UTC,N/A,false,N/A,
Fundamentos de PHP,"PHP é uma linguagem de programação open source voltada principalmente para o desenvolvimento de aplicações web e APIs. Ela é uma das mais promissoras na área de desenvolvimento web back-end. Além de grande parte das aplicações web já utilizarem essa tecnologia, a linguagem vem evoluindo rapidamente, tanto novas features quanto com a melhora contínua de desempenho. Neste curso, ensinaremos a linguagem de programação PHP desde o início. Falaremos sobre os principais conceitos, práticas e recomendações para que você inicie o aprendizado de forma correta e moderna da linguagem. Dentre vários outros conteúdos, conheceremos as principais características da linguagem e onde ela se aplica, como instalar e executar os scripts da linguagem, trabalhar com funções personalizadas e da linguagem, tipos de erros e o básico sobre exceção, o que são PSRs, PRS-0 e PSR-12 e muito mais.",Course,2025-08-20 05:56 UTC,N/A,false,N/A,
Microsoft Excel com Copilot: Análise de Dados Orientada por IA,"Neste curso vamos trabalhar com conceitos que vão além do prompt tradicional executado em um chat no navegador. Exploraremos o uso do Copilot diretamente no Excel, o maior aplicativo de planilhas eletrônicas do mercado. O Copilot será seu assistente virtual, disponível 24 horas por dia. Descubra como criar prompts eficientes, interagir com o ambiente, criar gráficos e tabelas dinâmicas, além de criar fórmulas e formatar seus dados.

</p><p>Este curso faz parte de um <a href=""https://www.linkedin.com/learning/paths/aumente-sua-produtividade-com-o-microsoft-copilot-um-conteudo-da-microsoft-e-do-linkedin"" target=""_blank"">Certificado Profissional de Microsoft.</a></p>",Course,2025-02-11 20:43 UTC,N/A,false,N/A,
Dicas de 1 Minuto para Criar Tabelas Dinâmicas de Forma Rápida no Excel,"Domine a criação de Tabelas Dinâmicas no Excel com dicas rápidas de um minuto. Um curso perfeito para quem deseja aprender de forma prática e eficiente, abordando desde a criação básica até a personalização avançada das Tabelas Dinâmicas. Aumente sua produtividade e aprenda a analisar dados de maneira eficaz em pouco tempo.",Course,2025-10-02 21:28 UTC,N/A,false,N/A,
Fundamentos de Python: Algoritmos - Parte 2 [TEXT],"Continue sua jornada no universo da programação com a segunda parte do curso de Fundamentos de Python, focada em algoritmos. Este curso é ideal para quem já possui conhecimentos básicos em Python e deseja aprofundar suas habilidades de lógica e resolução de problemas de forma prática e eficiente.<br><br>

Ao longo das aulas, você irá explorar estruturas de dados mais avançadas, como listas, dicionários e tuplas, além de aprender a implementar algoritmos fundamentais para manipulação e organização de dados. Serão abordados temas como busca, ordenação, recursão e introdução a algoritmos de maior complexidade, sempre com exemplos práticos e exercícios para fixar o aprendizado.
<<br>>
Você também vai desenvolver a capacidade de analisar e otimizar seus códigos, compreendendo conceitos essenciais de eficiência e boas práticas de programação. O conteúdo é pensado para preparar você para desafios reais, aumentando sua confiança em resolver problemas do cotidiano e em projetos mais robustos.",Course,2025-07-30 18:16 UTC,N/A,false,N/A,
Fundamentos LGBTQI+ para o Ambiente de Trabalho,"As pessoas LGBTQI+ são tema central em nossas sociedades, em nível tanto legislativo como social e profissional. A comunidade desperta diferentes emoções e sentimentos, mas será que tudo o que se comenta sobre sua realidade e vivências é verdade? Durante este curso, o autor responde a essas e outras perguntas, explicando quem são as pessoas LGBTQI+, de onde vêm e por que precisam de pessoas aliadas no ambiente pessoal e profissional. Por meio de uma série de ferramentas e estratégias para aplicar no dia a dia, aprenderemos a ser pessoas mais inclusivas e veremos como acompanhar e apoiar membros da comunidade LGBTQI+. Vamos começar a mudança?",Course,2025-09-04 14:23 UTC,N/A,true,N/A,
