CONVERSATION ID,CONVERSATION TITLE,FROM,SENDER PROFILE URL,TO,RECIPIENT PROFILE URLS,DATE,SUBJECT,CONTENT,FOLDER,ATTACHMENTS
2-YzQzZjBlMmQtZmYzYi00ZDBmLThhZTUtZjdhNzk4ODNlNDE3XzEwMA==,Sponsored Conversation,LinkedIn Member,,Gabriel Oliveira de Souza,https://www.linkedin.com/in/gabriel-tazz,2025-10-06 08:07:23 UTC,,"<p class=""spinmail-quill-editor__spin-break"">Olá, %FIRSTNAME%</p><p class=""spinmail-quill-editor__spin-break""><br></p><p class=""spinmail-quill-editor__spin-break"">O que já era bom ficou ainda melhor,&nbsp;temos uma informação que pode transformar a sua empresa!</p><p class=""spinmail-quill-editor__spin-break""><br></p><p class=""spinmail-quill-editor__spin-break"">Na Desenvolve SP, você conta com a linha de Crédito Simplificado que agora ampliou para <strong>R$700 mil o limite de financiamento</strong> de projetos e equipamentos novos para a sua empresa. Com carência, taxas reduzidas e garantias facilitadas.</p><p class=""spinmail-quill-editor__spin-break""><br></p><p class=""spinmail-quill-editor__spin-break"">Toda história de sucesso começa com crédito — e o seu projeto ou máquina nova pode começar agora com o crédito da Desenvolve SP. Caso seu pedido seja para projetos de investimento, você pega o crédito em 2025 e começa a pagar só em 2026.&nbsp;</p><p class=""spinmail-quill-editor__spin-break""><br></p><p class=""spinmail-quill-editor__spin-break"">Não perca tempo! Entre em nosso site, simule e solicite seu financiamento: <a href=""https://www.desenvolvesp.com.br/?utm_source=linkedin_ads&amp;utm_medium=inmail&amp;utm_campaign=cpd_desenvolve-sp-geral-03-1"" rel=""noopener nofollow"" target=""_blank"" class=""ql-link"">desenvolvesp.com.br</a>&nbsp;</p><p class=""spinmail-quill-editor__spin-break""><br></p><p class=""spinmail-quill-editor__spin-break""><strong>A Desenvolve SP é a agência do empreendedor, vinculada à Secretaria de Desenvolvimento Econômico do governo do Estado de São Paulo.</strong></p>",INBOX,
2-ODA5YjgyYWMtZjI5Zi00ZjcyLWJiYWQtZjZlMmExOGYwNmU4XzEwMA==,,Fernando Araújo,https://www.linkedin.com/in/fernando-caetano-de-araujo,Gabriel Oliveira de Souza,https://www.linkedin.com/in/gabriel-tazz,2025-09-10 18:12:00 UTC,,Imagina!,INBOX,
2-ODA5YjgyYWMtZjI5Zi00ZjcyLWJiYWQtZjZlMmExOGYwNmU4XzEwMA==,,Gabriel Oliveira de Souza,https://www.linkedin.com/in/gabriel-tazz,Fernando Araújo,https://www.linkedin.com/in/fernando-caetano-de-araujo,2025-09-10 18:09:01 UTC,,Agradeço a atenção ,INBOX,
2-ODA5YjgyYWMtZjI5Zi00ZjcyLWJiYWQtZjZlMmExOGYwNmU4XzEwMA==,,Gabriel Oliveira de Souza,https://www.linkedin.com/in/gabriel-tazz,Fernando Araújo,https://www.linkedin.com/in/fernando-caetano-de-araujo,2025-09-10 18:08:53 UTC,,Valeu Fernando. É exatamente isso que estou procurando ,INBOX,
2-ODA5YjgyYWMtZjI5Zi00ZjcyLWJiYWQtZjZlMmExOGYwNmU4XzEwMA==,,Gabriel Oliveira de Souza,https://www.linkedin.com/in/gabriel-tazz,Fernando Araújo,https://www.linkedin.com/in/fernando-caetano-de-araujo,2025-09-10 18:08:08 UTC,,Excelente ,INBOX,
2-ODA5YjgyYWMtZjI5Zi00ZjcyLWJiYWQtZjZlMmExOGYwNmU4XzEwMA==,,Fernando Araújo,https://www.linkedin.com/in/fernando-caetano-de-araujo,Gabriel Oliveira de Souza,https://www.linkedin.com/in/gabriel-tazz,2025-09-10 18:05:09 UTC,,"pensa que o modelo de ensino da faculdade é estudar e trabalhar junto, desse jeito você aprende vivendo o mercado de trabalho e ao mesmo tempo estudando com professores muito bons",INBOX,
2-ODA5YjgyYWMtZjI5Zi00ZjcyLWJiYWQtZjZlMmExOGYwNmU4XzEwMA==,,Fernando Araújo,https://www.linkedin.com/in/fernando-caetano-de-araujo,Gabriel Oliveira de Souza,https://www.linkedin.com/in/gabriel-tazz,2025-09-10 18:02:58 UTC,,isso para todos os outros estágios das empresas parceiras tbmentão estagio era das 9 às 16 e aula das 16h30 até 21 hrs se não engano,INBOX,
2-ODA5YjgyYWMtZjI5Zi00ZjcyLWJiYWQtZjZlMmExOGYwNmU4XzEwMA==,,Fernando Araújo,https://www.linkedin.com/in/fernando-caetano-de-araujo,Gabriel Oliveira de Souza,https://www.linkedin.com/in/gabriel-tazz,2025-09-10 17:59:29 UTC,,então estagio era das 9 às 16 e aula das 16h30 até 21 hrs se não engano,INBOX,
2-ODA5YjgyYWMtZjI5Zi00ZjcyLWJiYWQtZjZlMmExOGYwNmU4XzEwMA==,,Fernando Araújo,https://www.linkedin.com/in/fernando-caetano-de-araujo,Gabriel Oliveira de Souza,https://www.linkedin.com/in/gabriel-tazz,2025-09-10 17:58:06 UTC,,Posso dizer que foi muita correria kkkkkk mas tbm ótimo pra aprender na prática e sofrendo com projeto de verdade lkkkkk. Eu optei em estagiar na SPTech por querer seguir na área acadêmica,INBOX,
2-ODA5YjgyYWMtZjI5Zi00ZjcyLWJiYWQtZjZlMmExOGYwNmU4XzEwMA==,,Gabriel Oliveira de Souza,https://www.linkedin.com/in/gabriel-tazz,Fernando Araújo,https://www.linkedin.com/in/fernando-caetano-de-araujo,2025-09-10 17:54:18 UTC,,Estou considerando sair da UNICSUL para entrar na SPTech,INBOX,
2-ODA5YjgyYWMtZjI5Zi00ZjcyLWJiYWQtZjZlMmExOGYwNmU4XzEwMA==,,Gabriel Oliveira de Souza,https://www.linkedin.com/in/gabriel-tazz,Fernando Araújo,https://www.linkedin.com/in/fernando-caetano-de-araujo,2025-09-10 17:53:51 UTC,,"Se me permite perguntar, como foi sua experiência com o estágio?",INBOX,
2-ODA5YjgyYWMtZjI5Zi00ZjcyLWJiYWQtZjZlMmExOGYwNmU4XzEwMA==,,Fernando Araújo,https://www.linkedin.com/in/fernando-caetano-de-araujo,Gabriel Oliveira de Souza,https://www.linkedin.com/in/gabriel-tazz,2025-09-10 17:53:05 UTC,,Mas a partir do 2° vc passa a estagiar em uma empresa com o salário alinhado com o valor da mensalidade ,INBOX,
2-ODA5YjgyYWMtZjI5Zi00ZjcyLWJiYWQtZjZlMmExOGYwNmU4XzEwMA==,,Fernando Araújo,https://www.linkedin.com/in/fernando-caetano-de-araujo,Gabriel Oliveira de Souza,https://www.linkedin.com/in/gabriel-tazz,2025-09-10 17:52:16 UTC,,a partir do 2° semestre vc passa a pagar 1730 em ADS,INBOX,
2-ODA5YjgyYWMtZjI5Zi00ZjcyLWJiYWQtZjZlMmExOGYwNmU4XzEwMA==,,Fernando Araújo,https://www.linkedin.com/in/fernando-caetano-de-araujo,Gabriel Oliveira de Souza,https://www.linkedin.com/in/gabriel-tazz,2025-09-10 17:51:39 UTC,,https://sptech.school/analise-e-desenvolvimento-de-sistemas/,INBOX,
2-ODA5YjgyYWMtZjI5Zi00ZjcyLWJiYWQtZjZlMmExOGYwNmU4XzEwMA==,,Gabriel Oliveira de Souza,https://www.linkedin.com/in/gabriel-tazz,Fernando Araújo,https://www.linkedin.com/in/fernando-caetano-de-araujo,2025-09-10 17:50:28 UTC,,Valeu Fernando ,INBOX,
2-ODA5YjgyYWMtZjI5Zi00ZjcyLWJiYWQtZjZlMmExOGYwNmU4XzEwMA==,,Fernando Araújo,https://www.linkedin.com/in/fernando-caetano-de-araujo,Gabriel Oliveira de Souza,https://www.linkedin.com/in/gabriel-tazz,2025-09-10 17:50:15 UTC,,Vou te mandarVocê sabe quanto é a mensalidade para os cursos de ADS ou CCO?,INBOX,
2-ODA5YjgyYWMtZjI5Zi00ZjcyLWJiYWQtZjZlMmExOGYwNmU4XzEwMA==,,Fernando Araújo,https://www.linkedin.com/in/fernando-caetano-de-araujo,Gabriel Oliveira de Souza,https://www.linkedin.com/in/gabriel-tazz,2025-09-10 17:49:58 UTC,,"Tranquilo kkkkk me formei nela de todo jeitoNa verdade, você trabalha na SP Tech né, desculpa a confusão kkkkk",INBOX,
2-ODA5YjgyYWMtZjI5Zi00ZjcyLWJiYWQtZjZlMmExOGYwNmU4XzEwMA==,,Gabriel Oliveira de Souza,https://www.linkedin.com/in/gabriel-tazz,Fernando Araújo,https://www.linkedin.com/in/fernando-caetano-de-araujo,2025-09-10 17:49:27 UTC,,Você sabe quanto é a mensalidade para os cursos de ADS ou CCO?,INBOX,
2-ODA5YjgyYWMtZjI5Zi00ZjcyLWJiYWQtZjZlMmExOGYwNmU4XzEwMA==,,Gabriel Oliveira de Souza,https://www.linkedin.com/in/gabriel-tazz,Fernando Araújo,https://www.linkedin.com/in/fernando-caetano-de-araujo,2025-09-10 17:49:03 UTC,,Eu não consegui encontrar informações sobre o valor da mensalidade a partir do segundo semestre ,INBOX,
2-ODA5YjgyYWMtZjI5Zi00ZjcyLWJiYWQtZjZlMmExOGYwNmU4XzEwMA==,,Gabriel Oliveira de Souza,https://www.linkedin.com/in/gabriel-tazz,Fernando Araújo,https://www.linkedin.com/in/fernando-caetano-de-araujo,2025-09-10 17:48:38 UTC,,"Na verdade, você trabalha na SP Tech né, desculpa a confusão kkkkk",INBOX,
2-ODA5YjgyYWMtZjI5Zi00ZjcyLWJiYWQtZjZlMmExOGYwNmU4XzEwMA==,,Fernando Araújo,https://www.linkedin.com/in/fernando-caetano-de-araujo,Gabriel Oliveira de Souza,https://www.linkedin.com/in/gabriel-tazz,2025-09-10 17:40:44 UTC,,"Pode falarQueria tirar uma dúvida, se você puder me ajudar eu agradeço ",INBOX,
2-ODA5YjgyYWMtZjI5Zi00ZjcyLWJiYWQtZjZlMmExOGYwNmU4XzEwMA==,,Fernando Araújo,https://www.linkedin.com/in/fernando-caetano-de-araujo,Gabriel Oliveira de Souza,https://www.linkedin.com/in/gabriel-tazz,2025-09-10 17:40:36 UTC,,Opa tudo sim e vc? ,INBOX,
2-ODA5YjgyYWMtZjI5Zi00ZjcyLWJiYWQtZjZlMmExOGYwNmU4XzEwMA==,,Gabriel Oliveira de Souza,https://www.linkedin.com/in/gabriel-tazz,Fernando Araújo,https://www.linkedin.com/in/fernando-caetano-de-araujo,2025-09-10 16:41:17 UTC,,"Queria tirar uma dúvida, se você puder me ajudar eu agradeço ",INBOX,
2-ODA5YjgyYWMtZjI5Zi00ZjcyLWJiYWQtZjZlMmExOGYwNmU4XzEwMA==,,Gabriel Oliveira de Souza,https://www.linkedin.com/in/gabriel-tazz,Fernando Araújo,https://www.linkedin.com/in/fernando-caetano-de-araujo,2025-09-10 16:40:52 UTC,,Vou fazer o processo seletivo pro ano que vem,INBOX,
2-ODA5YjgyYWMtZjI5Zi00ZjcyLWJiYWQtZjZlMmExOGYwNmU4XzEwMA==,,Gabriel Oliveira de Souza,https://www.linkedin.com/in/gabriel-tazz,Fernando Araújo,https://www.linkedin.com/in/fernando-caetano-de-araujo,2025-09-10 16:40:43 UTC,,"Opa, tudo bem? Vi que você estuda na SP Tech ",INBOX,
2-YjgzYmY4MDctOWQ0Ny00ZjBiLWI1MGUtMmZhMTI2ZWQ2NmJmXzAxMw==,,Alexandre Rizardo,https://www.linkedin.com/in/alexandre-rizardo-99943321a,Gabriel Oliveira de Souza,https://www.linkedin.com/in/gabriel-tazz,2025-09-09 19:05:08 UTC,,mas não vale,INBOX,
2-YjgzYmY4MDctOWQ0Ny00ZjBiLWI1MGUtMmZhMTI2ZWQ2NmJmXzAxMw==,,Gabriel Oliveira de Souza,https://www.linkedin.com/in/gabriel-tazz,Alexandre Rizardo,https://www.linkedin.com/in/alexandre-rizardo-99943321a,2025-09-09 15:47:52 UTC,,"Se contar desde a primeira vez que eu ouvi falar de c#, eu tenho ",INBOX,
2-YjgzYmY4MDctOWQ0Ny00ZjBiLWI1MGUtMmZhMTI2ZWQ2NmJmXzAxMw==,,Alexandre Rizardo,https://www.linkedin.com/in/alexandre-rizardo-99943321a,Gabriel Oliveira de Souza,https://www.linkedin.com/in/gabriel-tazz,2025-09-09 11:08:41 UTC,,4years de xp,INBOX,
2-YjgzYmY4MDctOWQ0Ny00ZjBiLWI1MGUtMmZhMTI2ZWQ2NmJmXzAxMw==,,Gabriel Oliveira de Souza,https://www.linkedin.com/in/gabriel-tazz,Alexandre Rizardo,https://www.linkedin.com/in/alexandre-rizardo-99943321a,2025-09-09 04:02:51 UTC,,Envia currículo no whatsapp dela se tiver interesse ,INBOX,
2-YjgzYmY4MDctOWQ0Ny00ZjBiLWI1MGUtMmZhMTI2ZWQ2NmJmXzAxMw==,,Gabriel Oliveira de Souza,https://www.linkedin.com/in/gabriel-tazz,Alexandre Rizardo,https://www.linkedin.com/in/alexandre-rizardo-99943321a,2025-09-09 04:02:40 UTC,,Acho que se encaixa mais com seu perfil ,INBOX,
2-YjgzYmY4MDctOWQ0Ny00ZjBiLWI1MGUtMmZhMTI2ZWQ2NmJmXzAxMw==,,Gabriel Oliveira de Souza,https://www.linkedin.com/in/gabriel-tazz,Alexandre Rizardo,https://www.linkedin.com/in/alexandre-rizardo-99943321a,2025-09-09 04:02:28 UTC,,"Eu recebi essa proposta Ola Tudo bem?  Meu nome é Juliana Santos! Sou Recruiter da Wipro. Estamos com uma posição Developer para atuar em um dos nossos clientes A microsoft  Abaixo segue principais Skills da posição  Highly Desirable Skills:   - 4+ years experience with Net, C#, PowerShell coding. - Experience with Automation using Visual Studio tools. - Experience in feature validation. - Knowledge about systems hardware and firmware is a plus. - Experience in Linux  Essa posição é necessário que tenha disponibilidade para trabalhar de Segunda a Sexta das 11h00 as 20h. Necessário ingles avançado.  Caso tenha interesse peço que me envie seu currículo para WhatsApp 11 988524823 com as questões abaixo respondidas para iniciarmos o processo seletivo.    Se sente confortável para fazer entrevista em Ingles? Possui experiência com C#/ .net ? Quanto tempo? Possui experiência com  Linux.? Quanto tempo? Possui Experiência com Azure DevOps ? Quanto tempo? Qual sua pretensão Salarial?  Aguardo seu retorno!  Juliana Santos  Juliana Santos Talent Acquisition/ Tech Recruiter / HR",INBOX,
2-YjgzYmY4MDctOWQ0Ny00ZjBiLWI1MGUtMmZhMTI2ZWQ2NmJmXzAxMw==,,Alexandre Rizardo,https://www.linkedin.com/in/alexandre-rizardo-99943321a,Gabriel Oliveira de Souza,https://www.linkedin.com/in/gabriel-tazz,2024-10-17 23:56:30 UTC,,boa,INBOX,
2-YjgzYmY4MDctOWQ0Ny00ZjBiLWI1MGUtMmZhMTI2ZWQ2NmJmXzAxMw==,,Gabriel Oliveira de Souza,https://www.linkedin.com/in/gabriel-tazz,Alexandre Rizardo,https://www.linkedin.com/in/alexandre-rizardo-99943321a,2024-10-17 23:50:41 UTC,,Eu me inscrevi ,INBOX,
2-YjgzYmY4MDctOWQ0Ny00ZjBiLWI1MGUtMmZhMTI2ZWQ2NmJmXzAxMw==,,Gabriel Oliveira de Souza,https://www.linkedin.com/in/gabriel-tazz,Alexandre Rizardo,https://www.linkedin.com/in/alexandre-rizardo-99943321a,2024-10-17 23:50:34 UTC,,Isso dá pra fingir que tem,INBOX,
2-YjgzYmY4MDctOWQ0Ny00ZjBiLWI1MGUtMmZhMTI2ZWQ2NmJmXzAxMw==,,Alexandre Rizardo,https://www.linkedin.com/in/alexandre-rizardo-99943321a,Gabriel Oliveira de Souza,https://www.linkedin.com/in/gabriel-tazz,2024-10-16 14:04:35 UTC,,nem graduação completa,INBOX,
2-YjgzYmY4MDctOWQ0Ny00ZjBiLWI1MGUtMmZhMTI2ZWQ2NmJmXzAxMw==,,Gabriel Oliveira de Souza,https://www.linkedin.com/in/gabriel-tazz,Alexandre Rizardo,https://www.linkedin.com/in/alexandre-rizardo-99943321a,2024-10-16 13:12:19 UTC,,A única competência que a gente não tem dessa vaga é Java,INBOX,
2-YjgzYmY4MDctOWQ0Ny00ZjBiLWI1MGUtMmZhMTI2ZWQ2NmJmXzAxMw==,,Gabriel Oliveira de Souza,https://www.linkedin.com/in/gabriel-tazz,Alexandre Rizardo,https://www.linkedin.com/in/alexandre-rizardo-99943321a,2024-10-16 13:11:49 UTC,,Confira esta vaga na Smarthis: https://www.linkedin.com/jobs/view/4011295473 ,INBOX,
2-Mjc0NmU1YTYtN2FlOC00ZDM4LWFlOWEtMWNhY2JlYTM1MTUyXzEwMA==,Posição Desenvolvedor C#,Gabriel Oliveira de Souza,https://www.linkedin.com/in/gabriel-tazz,Juliana Santos,https://www.linkedin.com/in/juliana-santos-aa1240a1,2025-09-09 04:00:27 UTC,,https://www.linkedin.com/in/alexandre-rizardo-99943321a,INBOX,
2-Mjc0NmU1YTYtN2FlOC00ZDM4LWFlOWEtMWNhY2JlYTM1MTUyXzEwMA==,Posição Desenvolvedor C#,Gabriel Oliveira de Souza,https://www.linkedin.com/in/gabriel-tazz,Juliana Santos,https://www.linkedin.com/in/juliana-santos-aa1240a1,2025-09-09 03:55:37 UTC,Posição Desenvolvedor C#,"Conheço um profissional que se encaixa melhor com o perfil que você procura, posso te passar o perfil dele se quiser ",INBOX,
2-Mjc0NmU1YTYtN2FlOC00ZDM4LWFlOWEtMWNhY2JlYTM1MTUyXzEwMA==,Posição Desenvolvedor C#,Gabriel Oliveira de Souza,https://www.linkedin.com/in/gabriel-tazz,Juliana Santos,https://www.linkedin.com/in/juliana-santos-aa1240a1,2025-09-09 03:53:50 UTC,,"Olá Juliana, agradeço o contato.  1. Tenho inglês nível B2, me sinto à vontade em uma entrevista em inglês. 2. Não possuo experiência em .net mas entendo conceitos básicos de C#. 3. Possuo um ano de experiência em desenvolvimento de aplicações em linux. 4. Não possuo experiência com recursos Azure, com exceção de uma api da OpenAI que utilizei em um trabalho. 5. Minha pretensão salarial é de R$ 3.000,00",INBOX,
2-Mjc0NmU1YTYtN2FlOC00ZDM4LWFlOWEtMWNhY2JlYTM1MTUyXzEwMA==,Posição Desenvolvedor C#,Juliana Santos,https://www.linkedin.com/in/juliana-santos-aa1240a1,Gabriel Oliveira de Souza,https://www.linkedin.com/in/gabriel-tazz,2025-09-09 03:41:32 UTC,Posição Desenvolvedor C#,"Ola Tudo bem?  Meu nome é Juliana Santos! Sou Recruiter da Wipro. Estamos com uma posição Developer para atuar em um dos nossos clientes A microsoft  Abaixo segue principais Skills da posição  Highly Desirable Skills:   - 4+ years experience with Net, C#, PowerShell coding. - Experience with Automation using Visual Studio tools. - Experience in feature validation. - Knowledge about systems hardware and firmware is a plus. - Experience in Linux  Essa posição é necessário que tenha disponibilidade para trabalhar de Segunda a Sexta das 11h00 as 20h. Necessário ingles avançado.  Caso tenha interesse peço que me envie seu currículo para WhatsApp 11 988524823 com as questões abaixo respondidas para iniciarmos o processo seletivo.    Se sente confortável para fazer entrevista em Ingles? Possui experiência com C#/ .net ? Quanto tempo? Possui experiência com  Linux.? Quanto tempo? Possui Experiência com Azure DevOps ? Quanto tempo? Qual sua pretensão Salarial?  Aguardo seu retorno!  Juliana Santos  Juliana Santos Talent Acquisition/ Tech Recruiter / HR",INBOX,
2-MTYyNDM1YzctZGRjNS00YTRhLTgyY2YtYjEzNTkyMGE0Zjk1XzEwMA==,,Tatyane Gonçalves,https://www.linkedin.com/in/tatyanegoncalves,Gabriel Oliveira de Souza,https://www.linkedin.com/in/gabriel-tazz,2025-09-04 17:37:42 UTC,,Eu quem agradeço 😊,INBOX,
2-MTYyNDM1YzctZGRjNS00YTRhLTgyY2YtYjEzNTkyMGE0Zjk1XzEwMA==,,Gabriel Oliveira de Souza,https://www.linkedin.com/in/gabriel-tazz,Tatyane Gonçalves,https://www.linkedin.com/in/tatyanegoncalves,2025-09-04 14:14:57 UTC,,"Olá Tatyane, obrigado pela mensagem! Pode deixar que quando eu precisar de algum conselho ou ajuda prática vou lembrar de você, abraços",INBOX,
2-MTYyNDM1YzctZGRjNS00YTRhLTgyY2YtYjEzNTkyMGE0Zjk1XzEwMA==,,Tatyane Gonçalves,https://www.linkedin.com/in/tatyanegoncalves,Gabriel Oliveira de Souza,https://www.linkedin.com/in/gabriel-tazz,2025-09-04 11:53:27 UTC,,"Oi, Gabriel! Muito feliz pela conexão por aqui! Adoro trocar ideias, compartilhar aprendizados (e uns perrengues de código também rs). Se em algum momento quiser bater um papo, pedir dica ou só desabafar sobre bug, pode contar comigo! Seja bem-vindo à rede!",INBOX,
2-MDY5MmFjZWQtY2UwNy00OTZiLTlhZDQtYjdjOTBkM2M0NDdjXzEwMA==,,Marcelo Nascimento,https://www.linkedin.com/in/marcelo-nascimento-gomes,Gabriel Oliveira de Souza,https://www.linkedin.com/in/gabriel-tazz,2025-08-30 03:48:30 UTC,,Tamo junto!,INBOX,
2-MDY5MmFjZWQtY2UwNy00OTZiLTlhZDQtYjdjOTBkM2M0NDdjXzEwMA==,,Gabriel Oliveira de Souza,https://www.linkedin.com/in/gabriel-tazz,Marcelo Nascimento,https://www.linkedin.com/in/marcelo-nascimento-gomes,2025-08-30 03:28:08 UTC,,"Opa, tudo bem? Agradeço a mensagem ",INBOX,
2-MDY5MmFjZWQtY2UwNy00OTZiLTlhZDQtYjdjOTBkM2M0NDdjXzEwMA==,,Marcelo Nascimento,https://www.linkedin.com/in/marcelo-nascimento-gomes,Gabriel Oliveira de Souza,https://www.linkedin.com/in/gabriel-tazz,2025-08-30 00:24:20 UTC,,"Tá adicionado parceiro,  bem vindo a minha rede!",INBOX,
2-NTk3MzFlMGItODgzNi00ODljLThlNTAtY2VhOTE1ZDY2NjhjXzEwMA==,,Gabriel Oliveira de Souza,https://www.linkedin.com/in/gabriel-tazz,Bruno Alves,https://www.linkedin.com/in/bruno-alves-6456b7289,2025-08-29 18:50:56 UTC,Cu,Mudou a capa só pq eu critiquei ,INBOX,
2-ZmE5OWE2MmYtNDMyZS00MDg5LTkzOGYtZTEwNzVjZTQyMDgwXzEwMA==,,Sarah Andrade,https://www.linkedin.com/in/sarah-andrade-b09451270,Gabriel Oliveira de Souza,https://www.linkedin.com/in/gabriel-tazz,2025-08-28 16:44:29 UTC,,"Oi Gabriel, tudo bem por ai?  Tomei a liberdade de te chamar. Pelo os perfis que estou selecionando, o seu achei bastante interessante para o projeto de inglês que faço parte e vejo que tem potencial para área internacional.  Neste projeto você fica fluente em 18 meses e pode escolher a quantidade de aulas que faz na semana com horários flexíveis. Sendo a maioria das aulas focadas em conversação com conteúdos para Devs.  57% OFF para Techs do Linkedin  Quer conhecer sem compromisso?",INBOX,
2-OWJkZGFhZDItN2ZiNi00ZWU0LWE0OTQtMGRhMDczNWRkOGI1XzEwMA==,,Gabriel Oliveira de Souza,https://www.linkedin.com/in/gabriel-tazz,Gustavo Moraes,https://www.linkedin.com/in/devgustavomoraes,2025-08-06 14:44:22 UTC,,É nada,INBOX,
2-OWJkZGFhZDItN2ZiNi00ZWU0LWE0OTQtMGRhMDczNWRkOGI1XzEwMA==,,Gustavo Moraes,https://www.linkedin.com/in/devgustavomoraes,Gabriel Oliveira de Souza,https://www.linkedin.com/in/gabriel-tazz,2025-08-06 13:42:38 UTC,,nada oq?,INBOX,
2-OWJkZGFhZDItN2ZiNi00ZWU0LWE0OTQtMGRhMDczNWRkOGI1XzEwMA==,,Gabriel Oliveira de Souza,https://www.linkedin.com/in/gabriel-tazz,Gustavo Moraes,https://www.linkedin.com/in/devgustavomoraes,2025-08-06 13:40:19 UTC,,Nada,INBOX,
2-OWJkZGFhZDItN2ZiNi00ZWU0LWE0OTQtMGRhMDczNWRkOGI1XzEwMA==,,Gustavo Moraes,https://www.linkedin.com/in/devgustavomoraes,Gabriel Oliveira de Souza,https://www.linkedin.com/in/gabriel-tazz,2025-08-06 13:04:32 UTC,,os guri não manja tanto ,INBOX,
2-OWJkZGFhZDItN2ZiNi00ZWU0LWE0OTQtMGRhMDczNWRkOGI1XzEwMA==,,Gustavo Moraes,https://www.linkedin.com/in/devgustavomoraes,Gabriel Oliveira de Souza,https://www.linkedin.com/in/gabriel-tazz,2025-08-06 13:04:24 UTC,,ih krl mas tá pedindo full inglês 🥹,INBOX,
2-OWJkZGFhZDItN2ZiNi00ZWU0LWE0OTQtMGRhMDczNWRkOGI1XzEwMA==,,Gabriel Oliveira de Souza,https://www.linkedin.com/in/gabriel-tazz,Gustavo Moraes,https://www.linkedin.com/in/devgustavomoraes,2025-08-06 04:28:53 UTC,,"pega meu curriculo como base pra referenciar o projeto e organizar as tecnologias em uma ordem semelhante ao que ta pedindo na vaga, conforme o PDF ""Software Engi...""",INBOX,
2-OWJkZGFhZDItN2ZiNi00ZWU0LWE0OTQtMGRhMDczNWRkOGI1XzEwMA==,,Gabriel Oliveira de Souza,https://www.linkedin.com/in/gabriel-tazz,Gustavo Moraes,https://www.linkedin.com/in/devgustavomoraes,2025-08-06 04:27:47 UTC,,Envia seu curriculo pra esse email: Alberto.Islas@infor.com,INBOX,"https://www.linkedin.com/dms/prv/vid/v2/D4E06AQHqv3tOPaN0eA/messaging-attachmentFile/B4EZh9ofvBGoAA-/0/1754454424915?m=AQICQ_wOmPSr_AAAAZnVuJ4RDcAPWpyzXYsG8oBqLUcz6E34VX0MDeyH1V4&ne=1&v=beta&t=Nq8Zadc70W_KCrlkjhROPxRE2ymnYePoIjSigT_9KLo,https://www.linkedin.com/dms/prv/vid/v2/D4E06AQEJh3T8VISXwA/messaging-attachmentFile/B4EZh9oh1JGYAA-/0/1754454433734?m=AQLDypG5F0lecwAAAZnVuJ4PQfUlc5sW72IELQbmRDOGpSTz1yzecXv7D5w&ne=1&v=beta&t=uDw7UB_hDFmc4nlmCwcMeXydD8SRCU0wuae1qvvaThk,https://www.linkedin.com/dms/prv/vid/v2/D4E06AQHdE2RJwh_whA/messaging-attachmentFile/B4EZh9okyPGUAA-/0/1754454448667?m=AQLrUr_4KzJ-YQAAAZnVuJ4PEDYFWfVw7nuwscuQx4NMzdg38sllqZXtb24&ne=1&v=beta&t=yYZSSUVt-wpAxxD2orZm9bGCSQVXBWeLzvEaBjgrES0"
2-OWJkZGFhZDItN2ZiNi00ZWU0LWE0OTQtMGRhMDczNWRkOGI1XzEwMA==,,Gabriel Oliveira de Souza,https://www.linkedin.com/in/gabriel-tazz,Gustavo Moraes,https://www.linkedin.com/in/devgustavomoraes,2025-03-23 14:31:03 UTC,,,INBOX,
2-OWJkZGFhZDItN2ZiNi00ZWU0LWE0OTQtMGRhMDczNWRkOGI1XzEwMA==,,Gustavo Moraes,https://www.linkedin.com/in/devgustavomoraes,Gabriel Oliveira de Souza,https://www.linkedin.com/in/gabriel-tazz,2025-02-19 16:32:53 UTC,,,INBOX,
2-OWJkZGFhZDItN2ZiNi00ZWU0LWE0OTQtMGRhMDczNWRkOGI1XzEwMA==,,Gabriel Oliveira de Souza,https://www.linkedin.com/in/gabriel-tazz,Gustavo Moraes,https://www.linkedin.com/in/devgustavomoraes,2025-02-12 16:57:56 UTC,,,INBOX,https://www.linkedin.com/dms/prv/vid/v2/D4D06AQGUgCX-ma4sYg/messaging-attachmentFile/messaging-attachmentFile/0/1739379476205?m=AQLURcCwFCMMJQAAAZnVuJ4QpNq65i68P_i-IJvCrm5BlX3j7IYN9yqKxBI&ne=1&v=beta&t=1UL4WIZJM7knzejsiQdR2jgfgPm8DjF78a1aIvL86HI
2-MGU5ODI0YTMtZmJlZi00YzczLWIzNGUtM2Q3NjU2ODA3MDdhXzEwMA==,"Software Engineer, Associate - Job opportunity",Gabriel Oliveira de Souza,https://www.linkedin.com/in/gabriel-tazz,Alberto Islas,https://www.linkedin.com/in/alberto-islas-2051a9101,2025-08-06 04:25:27 UTC,"Software Engineer, Associate - Job opportunity",Thank you for the opportunity. I have sent my CV to your email and am also attaching it here for your convenience.,INBOX,https://www.linkedin.com/dms/prv/vid/v2/D4E06AQFfM9OkfK0-ow/messaging-attachmentFile/B4EZh9nZwlGUAM-/0/1754454138230?m=AQL-1DSQCd3unwAAAZnVuJ4Q5FCLXuC3S-fuJDW2L4oBdC30oD6DD3CGrNo&ne=1&v=beta&t=De6l4Z_aBGQ8Kd4sYI0b1v0gwNFvAe34qWkFw8Au5R0
2-MGU5ODI0YTMtZmJlZi00YzczLWIzNGUtM2Q3NjU2ODA3MDdhXzEwMA==,"Software Engineer, Associate - Job opportunity",Alberto Islas,https://www.linkedin.com/in/alberto-islas-2051a9101,Gabriel Oliveira de Souza,https://www.linkedin.com/in/gabriel-tazz,2025-08-05 18:01:04 UTC,"Software Engineer, Associate - Job opportunity","Hello we are currently looking to hire an Software Engineer, Associate. This is a hybrid role in São Paulo, BR.   This position will collaborate closely with senior engineers to design, develop, test, and maintain LN Cloud Localizations that support our business goals.  THE RIGHT CANDIDATE should have good communication skills in English, as well as programming skills.  For further details, find attached the JD. If you are interested, submit your CV via email.  Thank you, Alberto.Islas@infor.com [mailto:Alberto.Islas@infor.com]  Alberto Islas Senior Recruiter Latin America at Infor",INBOX,"https://www.linkedin.com/dms/prv/vid/v2/D4D06AQGR6Li3QHF9iw/messaging-attachmentFile/B4DZh7ZLAsGQAE-/0/1754416855192?m=AQKOuTJxMAycEwAAAZnVuJ4QyuzQl8LzjMVGSS85zwEx7OddLBIjQ_X9VdY&ne=1&v=beta&t=DkRWCj3fqM7bC5aY5vSQsC1a-r8RUhdcesVTt2xxuCE,https://www.linkedin.com/dms/prv/vid/v2/D4D06AQEWilz2WKCWLA/messaging-attachmentFile/B4DZh7ZLnlH8AA-/0/1754416856058?m=AQL_po4OBGJo2AAAAZnVuJ4P9qxYJxXqiOJBFdTiv2hXmbsJJg2-07fO5uQ&ne=1&v=beta&t=4_VhVV3pehsSSFWo96iFJndzMrFkgaiLYqg3iMvKmPc"
2-ZThjNDY3NGYtNTU2Mi00YzQyLThjNzgtZTMxMmZjZWEyYzU1XzAxMA==,,Michael Lin,https://www.linkedin.com/in/michael-lin-155212160,Gabriel Oliveira de Souza,https://www.linkedin.com/in/gabriel-tazz,2025-04-27 14:30:56 UTC,,"Hi, Gabriel  WECON blade type modular PLC is released. Kindly find and repost:  https://www.linkedin.com/posts/michael-lin-155212160_welcome-to-repost-a500-plc-is-released-activity-7313393811806724098-IupJ?utm_source=share&utm_medium=member_desktop&rcm=ACoAACZ5d1EBtgwrZ22nMhWkeU7AAMQRXrSQa4Y",INBOX,
2-ZThjNDY3NGYtNTU2Mi00YzQyLThjNzgtZTMxMmZjZWEyYzU1XzAxMA==,,Michael Lin,https://www.linkedin.com/in/michael-lin-155212160,Gabriel Oliveira de Souza,https://www.linkedin.com/in/gabriel-tazz,2024-10-16 03:58:07 UTC,,"Dear Gabriel O. Souza  RH-WF +WS21 - WECON new solution for smart plant automation!  Features: 1. 4 cores , 1GHz Frequency , 2GB DDR3+8GB eMMC 2. Support HDMI 2.0 3. Big display for monitoring by HDMI , like TV, LCD, PROJECTOR ETC; 4. Wth 2 USB HOST, can connect mouse and keyboard instead of HMI. 5.Support local RTSP web type camera. 6.Codesys V3.0 supported, camera Icon , VIDOE ICON, Dynamic screensaver, Email function etc; 7. Upload data to PC via upload tool or FTP function;  #automation #Plantautomation #HMI #PLC #IIOT #IOT #Smart manufacturer  https://www.linkedin.com/posts/michael-lin-155212160_automation-plantautomation-hmi-activity-7245278883996958721-uQVn?utm_source=share&utm_medium=member_desktop",INBOX,
2-ZThjNDY3NGYtNTU2Mi00YzQyLThjNzgtZTMxMmZjZWEyYzU1XzAxMA==,,Michael Lin,https://www.linkedin.com/in/michael-lin-155212160,Gabriel Oliveira de Souza,https://www.linkedin.com/in/gabriel-tazz,2024-09-03 01:16:11 UTC,,"Hi Gabriel,  This is Michael, nice to meet you。  We are the automation products manufacturer, kindly check if you are interesting in our following products:  1> PLC , 3V series- Economic version PLC with basic function;  5S/5V series- With in-built Ethernet port , interporation , E-CAM function  6S/6V- FB/FC programming , with EtherCAT  6C- Codesys type PLC  2>Servo ,  VD2L series -Economic version with Pulse control , modbus communication;  VD2 series- Pulse , Analog input voltage -10V - +10V  control, Modbus communication  VD3E series- EtherCAT VD3E supported;  3> HMI  3.5inch, 4.3inch, 7 inch, 10.2 inch, 15inch  Let me know if you have any demand ? Kindly share our information to your team.  WECON motion control with G-CODE function , please check video following: https://www.linkedin.com/posts/michael-lin-155212160_g-code-motion-control-introduction-activity-7219898766143709185-voPl?utm_source=share&utm_medium=member_desktop   Kindly download our 2024 catalog from google drive and share to your team. 2024 Catalog download link: https://drive.google.com/file/d/1qr2mbeZSq2OBPPDGrVod62bIkESgO3C7/view?usp=sharing  Let me know if you need our proudcts catalog or other information.",INBOX,
2-ZmNlZjY0YzUtYzkwNy00NjdiLWE2MzUtYjdmMmY5Y2MxYWFkXzEwMA==,,Henrique Simplicio Rodrigues,https://www.linkedin.com/in/henrique-simplicio-rodrigues-5024b01b4,Gabriel Oliveira de Souza,https://www.linkedin.com/in/gabriel-tazz,2025-04-26 00:29:07 UTC,,,INBOX,
2-ZmNlZjY0YzUtYzkwNy00NjdiLWE2MzUtYjdmMmY5Y2MxYWFkXzEwMA==,,Henrique Simplicio Rodrigues,https://www.linkedin.com/in/henrique-simplicio-rodrigues-5024b01b4,Gabriel Oliveira de Souza,https://www.linkedin.com/in/gabriel-tazz,2025-04-26 00:28:53 UTC,,,INBOX,
2-ZmNlZjY0YzUtYzkwNy00NjdiLWE2MzUtYjdmMmY5Y2MxYWFkXzEwMA==,,Henrique Simplicio Rodrigues,https://www.linkedin.com/in/henrique-simplicio-rodrigues-5024b01b4,Gabriel Oliveira de Souza,https://www.linkedin.com/in/gabriel-tazz,2025-04-26 00:28:38 UTC,,,INBOX,
2-ZmNlZjY0YzUtYzkwNy00NjdiLWE2MzUtYjdmMmY5Y2MxYWFkXzEwMA==,,Gabriel Oliveira de Souza,https://www.linkedin.com/in/gabriel-tazz,Henrique Simplicio Rodrigues,https://www.linkedin.com/in/henrique-simplicio-rodrigues-5024b01b4,2025-04-26 00:28:21 UTC,,Eu quero gozar,INBOX,
2-ZmYzNjNlZTMtMWJhZi00ZWFiLWFkODAtODBiNzRjNDVmMzJlXzEwMA==,,Gabriel Oliveira de Souza,https://www.linkedin.com/in/gabriel-tazz,Pedro Sampaio,https://www.linkedin.com/in/pedro-tuquim,2025-04-11 16:11:51 UTC,,"Oi, me contrata ",INBOX,
2-NTZlNmE0YTMtODA2MS00MDFmLWE5YTMtYTMwMWVlYzA0YjFiXzEwMA==,,Sister Jo,https://www.linkedin.com/in/sister-jo-831a13204,Gabriel Oliveira de Souza,https://www.linkedin.com/in/gabriel-tazz,2025-04-04 23:04:46 UTC,,"Boa noite, sou a Jô professora de inglês, trabalho há 20 anos lecionando inglês, para todas as idades e níveis. Sou formada no exterior, onde morei por 6 anos no estado de Connecticut USA. As minhas aulas são online de 1 hora totalmente voltada para conversação e desenvolvimento do speaking, por apenas 40 reais a hora aula. Gostaria de me passar seu contato para mais informações?",INBOX,
2-NzQzNWNjNWQtZjg5NC00MWM0LWIxNjYtNWY1MmI3OTNlYTRhXzEwMA==,,Larissa Azevedo,https://www.linkedin.com/in/larissasazevedo,Gabriel Oliveira de Souza,https://www.linkedin.com/in/gabriel-tazz,2025-03-26 13:34:38 UTC,,"Bom dia! 🚀   Aqui está o Guia de Visibilidade Profissional para Devs que prometi:   👉 https://yayforms.link/4nkwYa2  Com ele, tu vai entender como mostrar seu valor de forma estratégica no LinkedIn e dentro da empresa.  Quando acessar, me avisa se abriu certinho?",INBOX,
2-MmY0YTcxZWItM2NlMC00NWYxLTg1ZDgtMTRjNzZhMTIyYzFjXzEwMA==,,Gabriel Oliveira de Souza,https://www.linkedin.com/in/gabriel-tazz,Wagner Azevedo,https://www.linkedin.com/in/wagnermazevedo,2025-03-24 21:36:16 UTC,,"Imagina, eu que agradeço",INBOX,
2-MmY0YTcxZWItM2NlMC00NWYxLTg1ZDgtMTRjNzZhMTIyYzFjXzEwMA==,,Wagner Azevedo,https://www.linkedin.com/in/wagnermazevedo,Gabriel Oliveira de Souza,https://www.linkedin.com/in/gabriel-tazz,2025-03-24 21:34:27 UTC,,Obrigado pelo convite Gabriel ,INBOX,
2-YWU2ZjBlNjItNGZlNy00MWM5LTlmZmMtNTgxOWM5ODRhZmNjXzEwMA==,,Gabriela  Fernandes Rocha Sales ,https://www.linkedin.com/in/gabriela-fernandes-rocha-sales-130b09215,Gabriel Oliveira de Souza,https://www.linkedin.com/in/gabriel-tazz,2025-03-24 18:55:00 UTC,,Vida de adulto ,INBOX,
2-YWU2ZjBlNjItNGZlNy00MWM5LTlmZmMtNTgxOWM5ODRhZmNjXzEwMA==,,Gabriela  Fernandes Rocha Sales ,https://www.linkedin.com/in/gabriela-fernandes-rocha-sales-130b09215,Gabriel Oliveira de Souza,https://www.linkedin.com/in/gabriel-tazz,2025-03-24 18:54:55 UTC,,Fazer o que né ,INBOX,
2-YWU2ZjBlNjItNGZlNy00MWM5LTlmZmMtNTgxOWM5ODRhZmNjXzEwMA==,,Gabriel Oliveira de Souza,https://www.linkedin.com/in/gabriel-tazz,Gabriela  Fernandes Rocha Sales ,https://www.linkedin.com/in/gabriela-fernandes-rocha-sales-130b09215,2025-03-24 18:30:18 UTC,,Kkkkkk pse eu tbmVirei adulta ,INBOX,
2-YWU2ZjBlNjItNGZlNy00MWM5LTlmZmMtNTgxOWM5ODRhZmNjXzEwMA==,,Gabriela  Fernandes Rocha Sales ,https://www.linkedin.com/in/gabriela-fernandes-rocha-sales-130b09215,Gabriel Oliveira de Souza,https://www.linkedin.com/in/gabriel-tazz,2025-03-24 17:53:00 UTC,,😢,INBOX,
2-YWU2ZjBlNjItNGZlNy00MWM5LTlmZmMtNTgxOWM5ODRhZmNjXzEwMA==,,Gabriela  Fernandes Rocha Sales ,https://www.linkedin.com/in/gabriela-fernandes-rocha-sales-130b09215,Gabriel Oliveira de Souza,https://www.linkedin.com/in/gabriel-tazz,2025-03-24 17:52:42 UTC,,Virei adulta ,INBOX,
2-YWU2ZjBlNjItNGZlNy00MWM5LTlmZmMtNTgxOWM5ODRhZmNjXzEwMA==,,Gabriela  Fernandes Rocha Sales ,https://www.linkedin.com/in/gabriela-fernandes-rocha-sales-130b09215,Gabriel Oliveira de Souza,https://www.linkedin.com/in/gabriel-tazz,2025-03-24 17:52:31 UTC,,Tudo bem e você?,INBOX,
2-YWU2ZjBlNjItNGZlNy00MWM5LTlmZmMtNTgxOWM5ODRhZmNjXzEwMA==,,Gabriela  Fernandes Rocha Sales ,https://www.linkedin.com/in/gabriela-fernandes-rocha-sales-130b09215,Gabriel Oliveira de Souza,https://www.linkedin.com/in/gabriel-tazz,2025-03-24 17:52:26 UTC,,Oiii ,INBOX,
2-YWU2ZjBlNjItNGZlNy00MWM5LTlmZmMtNTgxOWM5ODRhZmNjXzEwMA==,,Gabriel Oliveira de Souza,https://www.linkedin.com/in/gabriel-tazz,Gabriela  Fernandes Rocha Sales ,https://www.linkedin.com/in/gabriela-fernandes-rocha-sales-130b09215,2025-03-24 16:29:10 UTC,,Você por aqui,INBOX,
2-YWU2ZjBlNjItNGZlNy00MWM5LTlmZmMtNTgxOWM5ODRhZmNjXzEwMA==,,Gabriel Oliveira de Souza,https://www.linkedin.com/in/gabriel-tazz,Gabriela  Fernandes Rocha Sales ,https://www.linkedin.com/in/gabriela-fernandes-rocha-sales-130b09215,2025-03-24 16:28:53 UTC,,"Oi Gabi, tudo bem?",INBOX,
2-ZmQyNDc3YjAtYWRjMi00NTkxLWExZjYtY2UwNmU4NjhmYTlhXzEwMA==,,Rafael Santos,https://www.linkedin.com/in/rafael2023,Gabriel Oliveira de Souza,https://www.linkedin.com/in/gabriel-tazz,2025-03-24 11:39:18 UTC,,"🚀 Quer crescer no LinkedIn e se destacar na área de tecnologia?    Nosso grupo ajuda desenvolvedores a impulsionar suas postagens e conexões. Você compartilha seu post, engaja nos dos outros e cresce junto com a comunidade! Além disso, trocamos dicas para otimizar seu LinkedIn, impulsionando a indexação ao algoritmo e acelerando seu aprendizado.    Entre agora e fortaleça sua presença no LinkedIn! 👇 📱 entre pelo WhatsApp: https://bit.ly/impulsionamentolinkedin",INBOX,
2-ZjU4OGI3ZjgtMmUyNy00N2JiLThiZGQtOTA3NzY3NjIyMGExXzEwMA==,,Lucas Seiki Oshiro,https://www.linkedin.com/in/lucasseikioshiro,Gabriel Oliveira de Souza,https://www.linkedin.com/in/gabriel-tazz,2025-03-24 02:37:18 UTC,,"Ah, legal!",INBOX,
2-ZjU4OGI3ZjgtMmUyNy00N2JiLThiZGQtOTA3NzY3NjIyMGExXzEwMA==,,Gabriel Oliveira de Souza,https://www.linkedin.com/in/gabriel-tazz,Lucas Seiki Oshiro,https://www.linkedin.com/in/lucasseikioshiro,2025-03-23 20:28:30 UTC,,"Estou precisando de emprego, estudo e trabalho com programação há alguns anos, mas não tenho projetos publicados ainda",INBOX,
2-ZjU4OGI3ZjgtMmUyNy00N2JiLThiZGQtOTA3NzY3NjIyMGExXzEwMA==,,Gabriel Oliveira de Souza,https://www.linkedin.com/in/gabriel-tazz,Lucas Seiki Oshiro,https://www.linkedin.com/in/lucasseikioshiro,2025-03-23 20:26:18 UTC,,Pra aumentar minhas conexões na área ,INBOX,
2-ZjU4OGI3ZjgtMmUyNy00N2JiLThiZGQtOTA3NzY3NjIyMGExXzEwMA==,,Gabriel Oliveira de Souza,https://www.linkedin.com/in/gabriel-tazz,Lucas Seiki Oshiro,https://www.linkedin.com/in/lucasseikioshiro,2025-03-23 20:26:05 UTC,,Vasculhando comentários de posts e pesquisando por perfis ,INBOX,
2-ZjU4OGI3ZjgtMmUyNy00N2JiLThiZGQtOTA3NzY3NjIyMGExXzEwMA==,,Gabriel Oliveira de Souza,https://www.linkedin.com/in/gabriel-tazz,Lucas Seiki Oshiro,https://www.linkedin.com/in/lucasseikioshiro,2025-03-23 20:25:38 UTC,,Estou conectando com várias pessoas da área de TI aqui no LinkedIn,INBOX,
2-ZjU4OGI3ZjgtMmUyNy00N2JiLThiZGQtOTA3NzY3NjIyMGExXzEwMA==,,Gabriel Oliveira de Souza,https://www.linkedin.com/in/gabriel-tazz,Lucas Seiki Oshiro,https://www.linkedin.com/in/lucasseikioshiro,2025-03-23 20:25:02 UTC,,Tudo bem contigo?,INBOX,
2-ZjU4OGI3ZjgtMmUyNy00N2JiLThiZGQtOTA3NzY3NjIyMGExXzEwMA==,,Gabriel Oliveira de Souza,https://www.linkedin.com/in/gabriel-tazz,Lucas Seiki Oshiro,https://www.linkedin.com/in/lucasseikioshiro,2025-03-23 20:24:57 UTC,,"Oi, estou bem",INBOX,
2-ZjU4OGI3ZjgtMmUyNy00N2JiLThiZGQtOTA3NzY3NjIyMGExXzEwMA==,,Lucas Seiki Oshiro,https://www.linkedin.com/in/lucasseikioshiro,Gabriel Oliveira de Souza,https://www.linkedin.com/in/gabriel-tazz,2025-03-23 20:21:28 UTC,,"Opa, tudo bem? De curiosidade, de onde você me encontrou? 😁",INBOX,
2-ODg3Mzk0YWYtNGRlYy00MWIzLThiZWMtNzdhNDZiMGI0YzdkXzEwMA==,,Gabriel Oliveira de Souza,https://www.linkedin.com/in/gabriel-tazz,Gilberto Ferreira Junior,https://www.linkedin.com/in/gilbertofsjunior,2025-03-23 20:31:16 UTC,,"Obrigado Gilberto, igualmente ",INBOX,
2-ODg3Mzk0YWYtNGRlYy00MWIzLThiZWMtNzdhNDZiMGI0YzdkXzEwMA==,,Gilberto Ferreira Junior,https://www.linkedin.com/in/gilbertofsjunior,Gabriel Oliveira de Souza,https://www.linkedin.com/in/gabriel-tazz,2025-03-23 14:55:41 UTC,,"Olá Gabriel, tudo bem .  Obrigado por me adicionar a sua rede. Me chamo Gilberto e atualmente sou estudante (Desenvolvedor/Programador Full Stack) e possuo experiência em administração e marketing, estou sempre interessado em compartilhar conhecimentos e explorar novas oportunidades na área de tecnologia e desenvolvimento de software. Se houver algo que eu possa contribuir de alguma forma, sinta-se a vontade para me avisar.  Vamos manter contato! Atenciosamente   Gilberto F S Junior ",INBOX,
2-ZTkxYmU4ZjctODJlYS00MDc3LWEzNDgtNTA5M2RhZjdmZDc1XzEwMA==,,Matheus Silva Costa,https://www.linkedin.com/in/matt-nsn,Gabriel Oliveira de Souza,https://www.linkedin.com/in/gabriel-tazz,2025-03-17 03:29:27 UTC,,Boa noiteBoa noite ,INBOX,
2-ZTkxYmU4ZjctODJlYS00MDc3LWEzNDgtNTA5M2RhZjdmZDc1XzEwMA==,,Gabriel Oliveira de Souza,https://www.linkedin.com/in/gabriel-tazz,Matheus Silva Costa,https://www.linkedin.com/in/matt-nsn,2025-03-17 03:29:10 UTC,,Complicado msm,INBOX,
2-ZTkxYmU4ZjctODJlYS00MDc3LWEzNDgtNTA5M2RhZjdmZDc1XzEwMA==,,Matheus Silva Costa,https://www.linkedin.com/in/matt-nsn,Gabriel Oliveira de Souza,https://www.linkedin.com/in/gabriel-tazz,2025-03-17 03:28:49 UTC,,É meio foda,INBOX,
2-ZTkxYmU4ZjctODJlYS00MDc3LWEzNDgtNTA5M2RhZjdmZDc1XzEwMA==,,Matheus Silva Costa,https://www.linkedin.com/in/matt-nsn,Gabriel Oliveira de Souza,https://www.linkedin.com/in/gabriel-tazz,2025-03-17 03:28:40 UTC,,"Tenho que conciliar meu trampo, o curso que tô fazendo, a faculdade kkkk",INBOX,
2-ZTkxYmU4ZjctODJlYS00MDc3LWEzNDgtNTA5M2RhZjdmZDc1XzEwMA==,,Gabriel Oliveira de Souza,https://www.linkedin.com/in/gabriel-tazz,Matheus Silva Costa,https://www.linkedin.com/in/matt-nsn,2025-03-17 03:28:24 UTC,,Boa noite ,INBOX,
2-ZTkxYmU4ZjctODJlYS00MDc3LWEzNDgtNTA5M2RhZjdmZDc1XzEwMA==,,Gabriel Oliveira de Souza,https://www.linkedin.com/in/gabriel-tazz,Matheus Silva Costa,https://www.linkedin.com/in/matt-nsn,2025-03-17 03:28:22 UTC,,"Beleza, de nada",INBOX,
2-ZTkxYmU4ZjctODJlYS00MDc3LWEzNDgtNTA5M2RhZjdmZDc1XzEwMA==,,Matheus Silva Costa,https://www.linkedin.com/in/matt-nsn,Gabriel Oliveira de Souza,https://www.linkedin.com/in/gabriel-tazz,2025-03-17 03:27:58 UTC,,"Mas valeu mano pela troca de ideia, depois eu vou dar uma olhada no que você me falou",INBOX,
2-ZTkxYmU4ZjctODJlYS00MDc3LWEzNDgtNTA5M2RhZjdmZDc1XzEwMA==,,Matheus Silva Costa,https://www.linkedin.com/in/matt-nsn,Gabriel Oliveira de Souza,https://www.linkedin.com/in/gabriel-tazz,2025-03-17 03:27:35 UTC,,Demais mano,INBOX,
2-ZTkxYmU4ZjctODJlYS00MDc3LWEzNDgtNTA5M2RhZjdmZDc1XzEwMA==,,Gabriel Oliveira de Souza,https://www.linkedin.com/in/gabriel-tazz,Matheus Silva Costa,https://www.linkedin.com/in/matt-nsn,2025-03-17 03:26:51 UTC,,Mt caroO valor é 70 conto por mês ,INBOX,
2-ZTkxYmU4ZjctODJlYS00MDc3LWEzNDgtNTA5M2RhZjdmZDc1XzEwMA==,,Gabriel Oliveira de Souza,https://www.linkedin.com/in/gabriel-tazz,Matheus Silva Costa,https://www.linkedin.com/in/matt-nsn,2025-03-17 03:26:44 UTC,,,INBOX,https://www.linkedin.com/dms/prv/vid/v2/D4D20AQFTC6hqniYiFQ/voicemessaging-audio-analyzed/voicemessaging-audio-analyzed/0/1742182004867?m=AQI9mW_h4FOxLwAAAZnVuJ4OtJxvsF8Lu9gd3a8UiFNCTZzOAgFmkhn3tvk&ne=1&v=beta&t=S6TonqCfUe866m5t21TrpxSvWAL5mC7-m5RA-xoGw-4
2-ZTkxYmU4ZjctODJlYS00MDc3LWEzNDgtNTA5M2RhZjdmZDc1XzEwMA==,,Matheus Silva Costa,https://www.linkedin.com/in/matt-nsn,Gabriel Oliveira de Souza,https://www.linkedin.com/in/gabriel-tazz,2025-03-17 03:25:41 UTC,,O valor é 70 conto por mês ,INBOX,
2-ZTkxYmU4ZjctODJlYS00MDc3LWEzNDgtNTA5M2RhZjdmZDc1XzEwMA==,,Matheus Silva Costa,https://www.linkedin.com/in/matt-nsn,Gabriel Oliveira de Souza,https://www.linkedin.com/in/gabriel-tazz,2025-03-17 03:25:30 UTC,,Sim,INBOX,
2-ZTkxYmU4ZjctODJlYS00MDc3LWEzNDgtNTA5M2RhZjdmZDc1XzEwMA==,,Gabriel Oliveira de Souza,https://www.linkedin.com/in/gabriel-tazz,Matheus Silva Costa,https://www.linkedin.com/in/matt-nsn,2025-03-17 03:25:14 UTC,,Só dá primeira vez,INBOX,
2-ZTkxYmU4ZjctODJlYS00MDc3LWEzNDgtNTA5M2RhZjdmZDc1XzEwMA==,,Matheus Silva Costa,https://www.linkedin.com/in/matt-nsn,Gabriel Oliveira de Souza,https://www.linkedin.com/in/gabriel-tazz,2025-03-17 03:24:41 UTC,,Tava de graça por 3 meses eu acho,INBOX,
2-ZTkxYmU4ZjctODJlYS00MDc3LWEzNDgtNTA5M2RhZjdmZDc1XzEwMA==,,Gabriel Oliveira de Souza,https://www.linkedin.com/in/gabriel-tazz,Matheus Silva Costa,https://www.linkedin.com/in/matt-nsn,2025-03-17 03:24:41 UTC,,Só vou ativar quando o perfil tiver mt bom,INBOX,
2-ZTkxYmU4ZjctODJlYS00MDc3LWEzNDgtNTA5M2RhZjdmZDc1XzEwMA==,,Matheus Silva Costa,https://www.linkedin.com/in/matt-nsn,Gabriel Oliveira de Souza,https://www.linkedin.com/in/gabriel-tazz,2025-03-17 03:24:31 UTC,,Tava usando mano,INBOX,
2-ZTkxYmU4ZjctODJlYS00MDc3LWEzNDgtNTA5M2RhZjdmZDc1XzEwMA==,,Gabriel Oliveira de Souza,https://www.linkedin.com/in/gabriel-tazz,Matheus Silva Costa,https://www.linkedin.com/in/matt-nsn,2025-03-17 03:24:30 UTC,,Nunca ativei o premium ,INBOX,
2-ZTkxYmU4ZjctODJlYS00MDc3LWEzNDgtNTA5M2RhZjdmZDc1XzEwMA==,,Gabriel Oliveira de Souza,https://www.linkedin.com/in/gabriel-tazz,Matheus Silva Costa,https://www.linkedin.com/in/matt-nsn,2025-03-17 03:24:23 UTC,,E eu vi que vc ta usando o Premium né ,INBOX,
2-ZTkxYmU4ZjctODJlYS00MDc3LWEzNDgtNTA5M2RhZjdmZDc1XzEwMA==,,Gabriel Oliveira de Souza,https://www.linkedin.com/in/gabriel-tazz,Matheus Silva Costa,https://www.linkedin.com/in/matt-nsn,2025-03-17 03:24:16 UTC,,Se não tiver seu perfil é invisível ,INBOX,
2-ZTkxYmU4ZjctODJlYS00MDc3LWEzNDgtNTA5M2RhZjdmZDc1XzEwMA==,,Gabriel Oliveira de Souza,https://www.linkedin.com/in/gabriel-tazz,Matheus Silva Costa,https://www.linkedin.com/in/matt-nsn,2025-03-17 03:24:07 UTC,,Faz mt diferença ,INBOX,
2-ZTkxYmU4ZjctODJlYS00MDc3LWEzNDgtNTA5M2RhZjdmZDc1XzEwMA==,,Matheus Silva Costa,https://www.linkedin.com/in/matt-nsn,Gabriel Oliveira de Souza,https://www.linkedin.com/in/gabriel-tazz,2025-03-17 03:23:47 UTC,,Que era bom colocar essas coisas ,INBOX,
2-ZTkxYmU4ZjctODJlYS00MDc3LWEzNDgtNTA5M2RhZjdmZDc1XzEwMA==,,Matheus Silva Costa,https://www.linkedin.com/in/matt-nsn,Gabriel Oliveira de Souza,https://www.linkedin.com/in/gabriel-tazz,2025-03-17 03:23:41 UTC,,Não sabia ,INBOX,
2-ZTkxYmU4ZjctODJlYS00MDc3LWEzNDgtNTA5M2RhZjdmZDc1XzEwMA==,,Matheus Silva Costa,https://www.linkedin.com/in/matt-nsn,Gabriel Oliveira de Souza,https://www.linkedin.com/in/gabriel-tazz,2025-03-17 03:23:38 UTC,,Hmmmmm,INBOX,
2-ZTkxYmU4ZjctODJlYS00MDc3LWEzNDgtNTA5M2RhZjdmZDc1XzEwMA==,,Gabriel Oliveira de Souza,https://www.linkedin.com/in/gabriel-tazz,Matheus Silva Costa,https://www.linkedin.com/in/matt-nsn,2025-03-17 03:23:25 UTC,,Excel,INBOX,
2-ZTkxYmU4ZjctODJlYS00MDc3LWEzNDgtNTA5M2RhZjdmZDc1XzEwMA==,,Gabriel Oliveira de Souza,https://www.linkedin.com/in/gabriel-tazz,Matheus Silva Costa,https://www.linkedin.com/in/matt-nsn,2025-03-17 03:23:19 UTC,,Cai bem em algoritmo tbm,INBOX,
2-ZTkxYmU4ZjctODJlYS00MDc3LWEzNDgtNTA5M2RhZjdmZDc1XzEwMA==,,Gabriel Oliveira de Souza,https://www.linkedin.com/in/gabriel-tazz,Matheus Silva Costa,https://www.linkedin.com/in/matt-nsn,2025-03-17 03:23:13 UTC,,Tipo pacote office ,INBOX,
2-ZTkxYmU4ZjctODJlYS00MDc3LWEzNDgtNTA5M2RhZjdmZDc1XzEwMA==,,Gabriel Oliveira de Souza,https://www.linkedin.com/in/gabriel-tazz,Matheus Silva Costa,https://www.linkedin.com/in/matt-nsn,2025-03-17 03:23:07 UTC,,Coisas básicas de cargos de adm,INBOX,
2-ZTkxYmU4ZjctODJlYS00MDc3LWEzNDgtNTA5M2RhZjdmZDc1XzEwMA==,,Gabriel Oliveira de Souza,https://www.linkedin.com/in/gabriel-tazz,Matheus Silva Costa,https://www.linkedin.com/in/matt-nsn,2025-03-17 03:22:54 UTC,,Coloca as tecnologias separadas por |,INBOX,
2-ZTkxYmU4ZjctODJlYS00MDc3LWEzNDgtNTA5M2RhZjdmZDc1XzEwMA==,,Gabriel Oliveira de Souza,https://www.linkedin.com/in/gabriel-tazz,Matheus Silva Costa,https://www.linkedin.com/in/matt-nsn,2025-03-17 03:22:45 UTC,,Olha o meu perfil,INBOX,
2-ZTkxYmU4ZjctODJlYS00MDc3LWEzNDgtNTA5M2RhZjdmZDc1XzEwMA==,,Matheus Silva Costa,https://www.linkedin.com/in/matt-nsn,Gabriel Oliveira de Souza,https://www.linkedin.com/in/gabriel-tazz,2025-03-17 03:22:38 UTC,,E com vendas,INBOX,
2-ZTkxYmU4ZjctODJlYS00MDc3LWEzNDgtNTA5M2RhZjdmZDc1XzEwMA==,,Matheus Silva Costa,https://www.linkedin.com/in/matt-nsn,Gabriel Oliveira de Souza,https://www.linkedin.com/in/gabriel-tazz,2025-03-17 03:22:30 UTC,,Só ,INBOX,
2-ZTkxYmU4ZjctODJlYS00MDc3LWEzNDgtNTA5M2RhZjdmZDc1XzEwMA==,,Matheus Silva Costa,https://www.linkedin.com/in/matt-nsn,Gabriel Oliveira de Souza,https://www.linkedin.com/in/gabriel-tazz,2025-03-17 03:22:29 UTC,,E de manutenção de PC,INBOX,
2-ZTkxYmU4ZjctODJlYS00MDc3LWEzNDgtNTA5M2RhZjdmZDc1XzEwMA==,,Matheus Silva Costa,https://www.linkedin.com/in/matt-nsn,Gabriel Oliveira de Souza,https://www.linkedin.com/in/gabriel-tazz,2025-03-17 03:22:18 UTC,,Eu tenho experiência administrativa ,INBOX,
2-ZTkxYmU4ZjctODJlYS00MDc3LWEzNDgtNTA5M2RhZjdmZDc1XzEwMA==,,Matheus Silva Costa,https://www.linkedin.com/in/matt-nsn,Gabriel Oliveira de Souza,https://www.linkedin.com/in/gabriel-tazz,2025-03-17 03:22:10 UTC,,"Então, mas eu nem tenho experiência po",INBOX,
2-ZTkxYmU4ZjctODJlYS00MDc3LWEzNDgtNTA5M2RhZjdmZDc1XzEwMA==,,Gabriel Oliveira de Souza,https://www.linkedin.com/in/gabriel-tazz,Matheus Silva Costa,https://www.linkedin.com/in/matt-nsn,2025-03-17 03:21:57 UTC,,SimAonde está escrito que estou estudando ADS ?,INBOX,
2-ZTkxYmU4ZjctODJlYS00MDc3LWEzNDgtNTA5M2RhZjdmZDc1XzEwMA==,,Gabriel Oliveira de Souza,https://www.linkedin.com/in/gabriel-tazz,Matheus Silva Costa,https://www.linkedin.com/in/matt-nsn,2025-03-17 03:21:46 UTC,,Se for gigante o recrutador nem lê ,INBOX,
2-ZTkxYmU4ZjctODJlYS00MDc3LWEzNDgtNTA5M2RhZjdmZDc1XzEwMA==,,Matheus Silva Costa,https://www.linkedin.com/in/matt-nsn,Gabriel Oliveira de Souza,https://www.linkedin.com/in/gabriel-tazz,2025-03-17 03:21:38 UTC,,Aonde está escrito que estou estudando ADS ?,INBOX,
2-ZTkxYmU4ZjctODJlYS00MDc3LWEzNDgtNTA5M2RhZjdmZDc1XzEwMA==,,Gabriel Oliveira de Souza,https://www.linkedin.com/in/gabriel-tazz,Matheus Silva Costa,https://www.linkedin.com/in/matt-nsn,2025-03-17 03:21:35 UTC,,E a bio é bom ser sem encheção de linguiça ,INBOX,
2-ZTkxYmU4ZjctODJlYS00MDc3LWEzNDgtNTA5M2RhZjdmZDc1XzEwMA==,,Gabriel Oliveira de Souza,https://www.linkedin.com/in/gabriel-tazz,Matheus Silva Costa,https://www.linkedin.com/in/matt-nsn,2025-03-17 03:21:12 UTC,,As duas melhores são na bio e naquela parte debaixo do nome,INBOX,
2-ZTkxYmU4ZjctODJlYS00MDc3LWEzNDgtNTA5M2RhZjdmZDc1XzEwMA==,,Matheus Silva Costa,https://www.linkedin.com/in/matt-nsn,Gabriel Oliveira de Souza,https://www.linkedin.com/in/gabriel-tazz,2025-03-17 03:20:58 UTC,,Aonde que vai pra colocar as palavras chave ?,INBOX,
2-ZTkxYmU4ZjctODJlYS00MDc3LWEzNDgtNTA5M2RhZjdmZDc1XzEwMA==,,Matheus Silva Costa,https://www.linkedin.com/in/matt-nsn,Gabriel Oliveira de Souza,https://www.linkedin.com/in/gabriel-tazz,2025-03-17 03:20:45 UTC,,Em que lugar do perfil coloca isso ?,INBOX,
2-ZTkxYmU4ZjctODJlYS00MDc3LWEzNDgtNTA5M2RhZjdmZDc1XzEwMA==,,Gabriel Oliveira de Souza,https://www.linkedin.com/in/gabriel-tazz,Matheus Silva Costa,https://www.linkedin.com/in/matt-nsn,2025-03-17 03:20:31 UTC,,Usa todas as palavras possíveis doq vc quer trabalhar ,INBOX,
2-ZTkxYmU4ZjctODJlYS00MDc3LWEzNDgtNTA5M2RhZjdmZDc1XzEwMA==,,Matheus Silva Costa,https://www.linkedin.com/in/matt-nsn,Gabriel Oliveira de Souza,https://www.linkedin.com/in/gabriel-tazz,2025-03-17 03:20:28 UTC,,,INBOX,https://www.linkedin.com/dms/prv/vid/v2/D4D06AQH0swPpdbtrUA/messaging-attachmentFile/messaging-attachmentFile/0/1742181627197?m=AQIBVSmfBGMo5QAAAZnVuJ4RP1F7Ky4Y40FrPTZVfxVma0zo8khSboBkjr0&ne=1&v=beta&t=rpQSKOM2M0CEkW7XIQY9pOVH2iOgbicWcrnk6ePAuYA
2-ZTkxYmU4ZjctODJlYS00MDc3LWEzNDgtNTA5M2RhZjdmZDc1XzEwMA==,,Matheus Silva Costa,https://www.linkedin.com/in/matt-nsn,Gabriel Oliveira de Souza,https://www.linkedin.com/in/gabriel-tazz,2025-03-17 03:20:21 UTC,,Um pessoal fica entrando no meu perfil,INBOX,
2-ZTkxYmU4ZjctODJlYS00MDc3LWEzNDgtNTA5M2RhZjdmZDc1XzEwMA==,,Gabriel Oliveira de Souza,https://www.linkedin.com/in/gabriel-tazz,Matheus Silva Costa,https://www.linkedin.com/in/matt-nsn,2025-03-17 03:20:20 UTC,,O segredo é palavra chave,INBOX,
2-ZTkxYmU4ZjctODJlYS00MDc3LWEzNDgtNTA5M2RhZjdmZDc1XzEwMA==,,Gabriel Oliveira de Souza,https://www.linkedin.com/in/gabriel-tazz,Matheus Silva Costa,https://www.linkedin.com/in/matt-nsn,2025-03-17 03:20:14 UTC,,E meu perfil n ta mt bom,INBOX,
2-ZTkxYmU4ZjctODJlYS00MDc3LWEzNDgtNTA5M2RhZjdmZDc1XzEwMA==,,Gabriel Oliveira de Souza,https://www.linkedin.com/in/gabriel-tazz,Matheus Silva Costa,https://www.linkedin.com/in/matt-nsn,2025-03-17 03:20:01 UTC,,Um recrutador da BYD me mandou msg um dia desses ,INBOX,
2-ZTkxYmU4ZjctODJlYS00MDc3LWEzNDgtNTA5M2RhZjdmZDc1XzEwMA==,,Gabriel Oliveira de Souza,https://www.linkedin.com/in/gabriel-tazz,Matheus Silva Costa,https://www.linkedin.com/in/matt-nsn,2025-03-17 03:19:18 UTC,,,INBOX,https://www.linkedin.com/dms/prv/vid/v2/D4D06AQHjXgSixkBZlw/messaging-attachmentFile/messaging-attachmentFile/0/1742181557672?m=AQITmE62-mXd5wAAAZnVuJ4SE75u4CN1jS8K1D6f_bCz0N9TYm5ZcLDlecU&ne=1&v=beta&t=l7X4W8QgZMXWZoWIeQFxZ_tVohkGHBuq6FP935-nnJQ
2-ZTkxYmU4ZjctODJlYS00MDc3LWEzNDgtNTA5M2RhZjdmZDc1XzEwMA==,,Gabriel Oliveira de Souza,https://www.linkedin.com/in/gabriel-tazz,Matheus Silva Costa,https://www.linkedin.com/in/matt-nsn,2025-03-17 03:19:16 UTC,,Inclusive algum recrutador acabou de entrar no meu perfil ,INBOX,
2-ZTkxYmU4ZjctODJlYS00MDc3LWEzNDgtNTA5M2RhZjdmZDc1XzEwMA==,,Gabriel Oliveira de Souza,https://www.linkedin.com/in/gabriel-tazz,Matheus Silva Costa,https://www.linkedin.com/in/matt-nsn,2025-03-17 03:19:02 UTC,,É mano,INBOX,
2-ZTkxYmU4ZjctODJlYS00MDc3LWEzNDgtNTA5M2RhZjdmZDc1XzEwMA==,,Matheus Silva Costa,https://www.linkedin.com/in/matt-nsn,Gabriel Oliveira de Souza,https://www.linkedin.com/in/gabriel-tazz,2025-03-17 03:18:39 UTC,,"Eu vou seguir sua call, porque tô precisando mesmo ajeitar meu perfil, pra qualquer área que eu for seguir...",INBOX,
2-ZTkxYmU4ZjctODJlYS00MDc3LWEzNDgtNTA5M2RhZjdmZDc1XzEwMA==,,Matheus Silva Costa,https://www.linkedin.com/in/matt-nsn,Gabriel Oliveira de Souza,https://www.linkedin.com/in/gabriel-tazz,2025-03-17 03:17:01 UTC,,Top,INBOX,
2-ZTkxYmU4ZjctODJlYS00MDc3LWEzNDgtNTA5M2RhZjdmZDc1XzEwMA==,,Gabriel Oliveira de Souza,https://www.linkedin.com/in/gabriel-tazz,Matheus Silva Costa,https://www.linkedin.com/in/matt-nsn,2025-03-17 03:16:05 UTC,,To fazendo um portfólio ,INBOX,
2-ZTkxYmU4ZjctODJlYS00MDc3LWEzNDgtNTA5M2RhZjdmZDc1XzEwMA==,,Gabriel Oliveira de Souza,https://www.linkedin.com/in/gabriel-tazz,Matheus Silva Costa,https://www.linkedin.com/in/matt-nsn,2025-03-17 03:15:58 UTC,,Sim,INBOX,
2-ZTkxYmU4ZjctODJlYS00MDc3LWEzNDgtNTA5M2RhZjdmZDc1XzEwMA==,,Matheus Silva Costa,https://www.linkedin.com/in/matt-nsn,Gabriel Oliveira de Souza,https://www.linkedin.com/in/gabriel-tazz,2025-03-17 03:14:25 UTC,,Se manja bastante de programação?,INBOX,
2-ZTkxYmU4ZjctODJlYS00MDc3LWEzNDgtNTA5M2RhZjdmZDc1XzEwMA==,,Gabriel Oliveira de Souza,https://www.linkedin.com/in/gabriel-tazz,Matheus Silva Costa,https://www.linkedin.com/in/matt-nsn,2025-03-17 03:13:43 UTC,,É mais a estrutura do perfil msm,INBOX,
2-ZTkxYmU4ZjctODJlYS00MDc3LWEzNDgtNTA5M2RhZjdmZDc1XzEwMA==,,Gabriel Oliveira de Souza,https://www.linkedin.com/in/gabriel-tazz,Matheus Silva Costa,https://www.linkedin.com/in/matt-nsn,2025-03-17 03:13:31 UTC,,Depende não ,INBOX,
2-ZTkxYmU4ZjctODJlYS00MDc3LWEzNDgtNTA5M2RhZjdmZDc1XzEwMA==,,Matheus Silva Costa,https://www.linkedin.com/in/matt-nsn,Gabriel Oliveira de Souza,https://www.linkedin.com/in/gabriel-tazz,2025-03-17 03:12:55 UTC,,"Se for depender do meu nível de experiência de programação pra eu arrumar um trampo na área, eu tô lascado 🤣🤣Perfeito ",INBOX,
2-ZTkxYmU4ZjctODJlYS00MDc3LWEzNDgtNTA5M2RhZjdmZDc1XzEwMA==,,Gabriel Oliveira de Souza,https://www.linkedin.com/in/gabriel-tazz,Matheus Silva Costa,https://www.linkedin.com/in/matt-nsn,2025-03-17 03:10:23 UTC,,Perfeito ,INBOX,
2-ZTkxYmU4ZjctODJlYS00MDc3LWEzNDgtNTA5M2RhZjdmZDc1XzEwMA==,,Matheus Silva Costa,https://www.linkedin.com/in/matt-nsn,Gabriel Oliveira de Souza,https://www.linkedin.com/in/gabriel-tazz,2025-03-17 03:10:08 UTC,,E mexe com solução de segurança da informação ,INBOX,
2-ZTkxYmU4ZjctODJlYS00MDc3LWEzNDgtNTA5M2RhZjdmZDc1XzEwMA==,,Matheus Silva Costa,https://www.linkedin.com/in/matt-nsn,Gabriel Oliveira de Souza,https://www.linkedin.com/in/gabriel-tazz,2025-03-17 03:09:46 UTC,,Tem um parceiro meu que estudou ADS mas nunca programou,INBOX,
2-ZTkxYmU4ZjctODJlYS00MDc3LWEzNDgtNTA5M2RhZjdmZDc1XzEwMA==,,Matheus Silva Costa,https://www.linkedin.com/in/matt-nsn,Gabriel Oliveira de Souza,https://www.linkedin.com/in/gabriel-tazz,2025-03-17 03:09:25 UTC,,Tem várias áreas ,INBOX,
2-ZTkxYmU4ZjctODJlYS00MDc3LWEzNDgtNTA5M2RhZjdmZDc1XzEwMA==,,Matheus Silva Costa,https://www.linkedin.com/in/matt-nsn,Gabriel Oliveira de Souza,https://www.linkedin.com/in/gabriel-tazz,2025-03-17 03:09:19 UTC,,A área de TI é muito vasta mano,INBOX,
2-ZTkxYmU4ZjctODJlYS00MDc3LWEzNDgtNTA5M2RhZjdmZDc1XzEwMA==,,Matheus Silva Costa,https://www.linkedin.com/in/matt-nsn,Gabriel Oliveira de Souza,https://www.linkedin.com/in/gabriel-tazz,2025-03-17 03:02:48 UTC,,Termino em Dezembro 🤣,INBOX,
2-ZTkxYmU4ZjctODJlYS00MDc3LWEzNDgtNTA5M2RhZjdmZDc1XzEwMA==,,Matheus Silva Costa,https://www.linkedin.com/in/matt-nsn,Gabriel Oliveira de Souza,https://www.linkedin.com/in/gabriel-tazz,2025-03-17 03:02:38 UTC,,Então nem vale a pena abandonar ,INBOX,
2-ZTkxYmU4ZjctODJlYS00MDc3LWEzNDgtNTA5M2RhZjdmZDc1XzEwMA==,,Matheus Silva Costa,https://www.linkedin.com/in/matt-nsn,Gabriel Oliveira de Souza,https://www.linkedin.com/in/gabriel-tazz,2025-03-17 03:02:27 UTC,,"E eu continuei em ADS porque gostei do começo do curso, quando fui ver já estava no terceiro semestrw",INBOX,
2-ZTkxYmU4ZjctODJlYS00MDc3LWEzNDgtNTA5M2RhZjdmZDc1XzEwMA==,,Matheus Silva Costa,https://www.linkedin.com/in/matt-nsn,Gabriel Oliveira de Souza,https://www.linkedin.com/in/gabriel-tazz,2025-03-17 02:57:35 UTC,,Eu trampo mexendo com hardware ,INBOX,
2-ZTkxYmU4ZjctODJlYS00MDc3LWEzNDgtNTA5M2RhZjdmZDc1XzEwMA==,,Matheus Silva Costa,https://www.linkedin.com/in/matt-nsn,Gabriel Oliveira de Souza,https://www.linkedin.com/in/gabriel-tazz,2025-03-17 02:57:16 UTC,,"Quer dizer, eu tô aprendendo a programar ainda, não encontrei o que eu me identifico ainda.",INBOX,
2-ZTkxYmU4ZjctODJlYS00MDc3LWEzNDgtNTA5M2RhZjdmZDc1XzEwMA==,,Matheus Silva Costa,https://www.linkedin.com/in/matt-nsn,Gabriel Oliveira de Souza,https://www.linkedin.com/in/gabriel-tazz,2025-03-17 02:56:37 UTC,,Não quis escolher um curso de 4 anos ,INBOX,
2-ZTkxYmU4ZjctODJlYS00MDc3LWEzNDgtNTA5M2RhZjdmZDc1XzEwMA==,,Matheus Silva Costa,https://www.linkedin.com/in/matt-nsn,Gabriel Oliveira de Souza,https://www.linkedin.com/in/gabriel-tazz,2025-03-17 02:56:21 UTC,,Administração de Sistemas de Informação kkkk,INBOX,
2-ZTkxYmU4ZjctODJlYS00MDc3LWEzNDgtNTA5M2RhZjdmZDc1XzEwMA==,,Gabriel Oliveira de Souza,https://www.linkedin.com/in/gabriel-tazz,Matheus Silva Costa,https://www.linkedin.com/in/matt-nsn,2025-03-17 02:54:51 UTC,,Ta fazendo ADS pra que?,INBOX,
2-ZTkxYmU4ZjctODJlYS00MDc3LWEzNDgtNTA5M2RhZjdmZDc1XzEwMA==,,Gabriel Oliveira de Souza,https://www.linkedin.com/in/gabriel-tazz,Matheus Silva Costa,https://www.linkedin.com/in/matt-nsn,2025-03-17 02:54:42 UTC,,Oloco,INBOX,
2-ZTkxYmU4ZjctODJlYS00MDc3LWEzNDgtNTA5M2RhZjdmZDc1XzEwMA==,,Matheus Silva Costa,https://www.linkedin.com/in/matt-nsn,Gabriel Oliveira de Souza,https://www.linkedin.com/in/gabriel-tazz,2025-03-17 02:54:00 UTC,,"Mas minha ideia nem é trabalhar com programação, eu não gosto de programar kkkk",INBOX,
2-ZTkxYmU4ZjctODJlYS00MDc3LWEzNDgtNTA5M2RhZjdmZDc1XzEwMA==,,Matheus Silva Costa,https://www.linkedin.com/in/matt-nsn,Gabriel Oliveira de Souza,https://www.linkedin.com/in/gabriel-tazz,2025-03-17 02:53:38 UTC,,Tudo de forma autônoma ,INBOX,
2-ZTkxYmU4ZjctODJlYS00MDc3LWEzNDgtNTA5M2RhZjdmZDc1XzEwMA==,,Matheus Silva Costa,https://www.linkedin.com/in/matt-nsn,Gabriel Oliveira de Souza,https://www.linkedin.com/in/gabriel-tazz,2025-03-17 02:53:31 UTC,,Eu nunca tive experiência em T.I. formalmente mano,INBOX,
2-ZTkxYmU4ZjctODJlYS00MDc3LWEzNDgtNTA5M2RhZjdmZDc1XzEwMA==,,Matheus Silva Costa,https://www.linkedin.com/in/matt-nsn,Gabriel Oliveira de Souza,https://www.linkedin.com/in/gabriel-tazz,2025-03-17 02:52:42 UTC,,Eu não manjo mesmo não mexer nisso aqui ,INBOX,
2-ZTkxYmU4ZjctODJlYS00MDc3LWEzNDgtNTA5M2RhZjdmZDc1XzEwMA==,,Matheus Silva Costa,https://www.linkedin.com/in/matt-nsn,Gabriel Oliveira de Souza,https://www.linkedin.com/in/gabriel-tazz,2025-03-17 02:52:32 UTC,,Beleza ?,INBOX,
2-ZTkxYmU4ZjctODJlYS00MDc3LWEzNDgtNTA5M2RhZjdmZDc1XzEwMA==,,Matheus Silva Costa,https://www.linkedin.com/in/matt-nsn,Gabriel Oliveira de Souza,https://www.linkedin.com/in/gabriel-tazz,2025-03-17 02:52:30 UTC,,Salve mano,INBOX,
2-ZTkxYmU4ZjctODJlYS00MDc3LWEzNDgtNTA5M2RhZjdmZDc1XzEwMA==,,Gabriel Oliveira de Souza,https://www.linkedin.com/in/gabriel-tazz,Matheus Silva Costa,https://www.linkedin.com/in/matt-nsn,2025-03-17 01:39:05 UTC,,Espero ter ajudado ,INBOX,
2-ZTkxYmU4ZjctODJlYS00MDc3LWEzNDgtNTA5M2RhZjdmZDc1XzEwMA==,,Gabriel Oliveira de Souza,https://www.linkedin.com/in/gabriel-tazz,Matheus Silva Costa,https://www.linkedin.com/in/matt-nsn,2025-03-17 01:38:55 UTC,,"Pesquisa mais a respeito, ajuda bastante aumentar esse score ",INBOX,
2-ZTkxYmU4ZjctODJlYS00MDc3LWEzNDgtNTA5M2RhZjdmZDc1XzEwMA==,,Gabriel Oliveira de Souza,https://www.linkedin.com/in/gabriel-tazz,Matheus Silva Costa,https://www.linkedin.com/in/matt-nsn,2025-03-17 01:38:25 UTC,,Social Selling Index ,INBOX,
2-ZTkxYmU4ZjctODJlYS00MDc3LWEzNDgtNTA5M2RhZjdmZDc1XzEwMA==,,Gabriel Oliveira de Souza,https://www.linkedin.com/in/gabriel-tazz,Matheus Silva Costa,https://www.linkedin.com/in/matt-nsn,2025-03-17 01:38:13 UTC,,Nesse site você consegue ver seu SSI,INBOX,
2-ZTkxYmU4ZjctODJlYS00MDc3LWEzNDgtNTA5M2RhZjdmZDc1XzEwMA==,,Gabriel Oliveira de Souza,https://www.linkedin.com/in/gabriel-tazz,Matheus Silva Costa,https://www.linkedin.com/in/matt-nsn,2025-03-17 01:37:53 UTC,,https://www.linkedin.com/sales/ssi?src=direct%2Fnone&veh=direct%2Fnone%7Cdirect%2Fnone,INBOX,
2-ZTkxYmU4ZjctODJlYS00MDc3LWEzNDgtNTA5M2RhZjdmZDc1XzEwMA==,,Gabriel Oliveira de Souza,https://www.linkedin.com/in/gabriel-tazz,Matheus Silva Costa,https://www.linkedin.com/in/matt-nsn,2025-03-17 01:35:09 UTC,,"E bota que você programava pelo menos um pouco nos seus cargos de empregos, msm que seja mentira ",INBOX,
2-ZTkxYmU4ZjctODJlYS00MDc3LWEzNDgtNTA5M2RhZjdmZDc1XzEwMA==,,Gabriel Oliveira de Souza,https://www.linkedin.com/in/gabriel-tazz,Matheus Silva Costa,https://www.linkedin.com/in/matt-nsn,2025-03-17 01:33:49 UTC,,Vê uns vídeos de como montar linkedin de programador ,INBOX,
2-ZTkxYmU4ZjctODJlYS00MDc3LWEzNDgtNTA5M2RhZjdmZDc1XzEwMA==,,Gabriel Oliveira de Souza,https://www.linkedin.com/in/gabriel-tazz,Matheus Silva Costa,https://www.linkedin.com/in/matt-nsn,2025-03-17 01:33:20 UTC,,Eu já recebi uma proposta e meu perfil nem ta ideal ainda também ,INBOX,
2-ZTkxYmU4ZjctODJlYS00MDc3LWEzNDgtNTA5M2RhZjdmZDc1XzEwMA==,,Gabriel Oliveira de Souza,https://www.linkedin.com/in/gabriel-tazz,Matheus Silva Costa,https://www.linkedin.com/in/matt-nsn,2025-03-17 01:32:52 UTC,,Se candidatar em vaga não adianta,INBOX,
2-ZTkxYmU4ZjctODJlYS00MDc3LWEzNDgtNTA5M2RhZjdmZDc1XzEwMA==,,Gabriel Oliveira de Souza,https://www.linkedin.com/in/gabriel-tazz,Matheus Silva Costa,https://www.linkedin.com/in/matt-nsn,2025-03-17 01:32:42 UTC,,"Parça, melhora a estrutura do seu linkedin que seu perfil cai no algoritmo das empresas ",INBOX,
2-ZTkxYmU4ZjctODJlYS00MDc3LWEzNDgtNTA5M2RhZjdmZDc1XzEwMA==,,Gabriel Oliveira de Souza,https://www.linkedin.com/in/gabriel-tazz,Matheus Silva Costa,https://www.linkedin.com/in/matt-nsn,2025-03-17 01:31:58 UTC,,"Vi que vc curtiu um post reclamando da plataforma um dia desses, que tá uma bosta de arrumar emprego por aqui ",INBOX,
2-ZTkxYmU4ZjctODJlYS00MDc3LWEzNDgtNTA5M2RhZjdmZDc1XzEwMA==,,Gabriel Oliveira de Souza,https://www.linkedin.com/in/gabriel-tazz,Matheus Silva Costa,https://www.linkedin.com/in/matt-nsn,2025-03-17 01:31:22 UTC,,"Mano, de boa?",INBOX,
2-OWQ0NjBhNjYtOTRkOS00ZWE5LWE1NzYtOWE3YTYwODIzYjViXzAxMw==,,Gabriel Oliveira de Souza,https://www.linkedin.com/in/gabriel-tazz,Vinícius Martins Pedro,https://www.linkedin.com/in/viniciusmartinsdev,2025-03-14 01:10:23 UTC,,Precisam criar um perfil no linkedin pra eu colocar que estudo aí ,INBOX,
2-OWQ0NjBhNjYtOTRkOS00ZWE5LWE1NzYtOWE3YTYwODIzYjViXzAxMw==,,Gabriel Oliveira de Souza,https://www.linkedin.com/in/gabriel-tazz,Vinícius Martins Pedro,https://www.linkedin.com/in/viniciusmartinsdev,2025-03-14 01:09:34 UTC,,Ótimo ,INBOX,
2-OWQ0NjBhNjYtOTRkOS00ZWE5LWE1NzYtOWE3YTYwODIzYjViXzAxMw==,,Gabriel Oliveira de Souza,https://www.linkedin.com/in/gabriel-tazz,Vinícius Martins Pedro,https://www.linkedin.com/in/viniciusmartinsdev,2025-03-14 01:09:22 UTC,,Já faço ,INBOX,
2-OWQ0NjBhNjYtOTRkOS00ZWE5LWE1NzYtOWE3YTYwODIzYjViXzAxMw==,,Vinícius Martins Pedro,https://www.linkedin.com/in/viniciusmartinsdev,Gabriel Oliveira de Souza,https://www.linkedin.com/in/gabriel-tazz,2024-09-02 17:59:48 UTC,,#curso.dev,INBOX,
2-MmVkOTk0ZDYtNDU1Ny00YTI3LTg1NGYtYTJiN2NjMGM2ZmQxXzEwMA==,Oportunidade na BYD Auto,Gabriel Oliveira de Souza,https://www.linkedin.com/in/gabriel-tazz,照波 刘,https://www.linkedin.com/in/照波-刘-61784795,2025-03-13 22:40:31 UTC,Oportunidade na BYD Auto,"Olá, 刘照波. Agradeço o contato. Enviarei meu currículo imediatamente ",INBOX,
2-MmVkOTk0ZDYtNDU1Ny00YTI3LTg1NGYtYTJiN2NjMGM2ZmQxXzEwMA==,Oportunidade na BYD Auto,照波 刘,https://www.linkedin.com/in/照波-刘-61784795,Gabriel Oliveira de Souza,https://www.linkedin.com/in/gabriel-tazz,2025-03-13 20:26:38 UTC,Oportunidade na BYD Auto,"Oi! Sou Jeff, estou representando o RH da BYD Auto do Brasil. Estamos com algumas oportunidades e seu perfil parece estar alinhado ao que buscamos! Caso tenha interesse, pedimos que envie o seu CV atualizado para o nosso time em tamires.carneiro@byd.com. Se tiver em ingles e portugues pode enviar ambos, por favor. Obrigado!",INBOX,
2-NTExMDZhYmYtZDgzNC00MTcwLWJhYzgtNmJiYjRhMDE1NzMyXzAxMw==,,Gabriel Oliveira de Souza,https://www.linkedin.com/in/gabriel-tazz,Arthur Lopes Barbosa,https://www.linkedin.com/in/arthur-lopes-barbosa-b3aa72206,2024-10-14 17:31:25 UTC,,Que chique ,INBOX,
2-NTExMDZhYmYtZDgzNC00MTcwLWJhYzgtNmJiYjRhMDE1NzMyXzAxMw==,,Gabriel Oliveira de Souza,https://www.linkedin.com/in/gabriel-tazz,Arthur Lopes Barbosa,https://www.linkedin.com/in/arthur-lopes-barbosa-b3aa72206,2024-10-14 17:31:21 UTC,,Krl ta em italic ,INBOX,
2-NTExMDZhYmYtZDgzNC00MTcwLWJhYzgtNmJiYjRhMDE1NzMyXzAxMw==,,Arthur Lopes Barbosa,https://www.linkedin.com/in/arthur-lopes-barbosa-b3aa72206,Gabriel Oliveira de Souza,https://www.linkedin.com/in/gabriel-tazz,2024-10-14 17:29:42 UTC,,"agradeço suas palavras grande amigo e louvo seu ato de carinho ao me enviar esta mensagem. espero que um dia possamos brindar a beleza da vida um ao lado do outro.  que os bons dias sempre estejam ao seu dispor caro amigo, tenha uma boa tarde",INBOX,
2-NTExMDZhYmYtZDgzNC00MTcwLWJhYzgtNmJiYjRhMDE1NzMyXzAxMw==,,Gabriel Oliveira de Souza,https://www.linkedin.com/in/gabriel-tazz,Arthur Lopes Barbosa,https://www.linkedin.com/in/arthur-lopes-barbosa-b3aa72206,2024-10-14 15:28:43 UTC,,,INBOX,https://www.linkedin.com/dms/prv/vid/v2/D4E20AQEG0CB1ZG_Yng/voicemessaging-audio-analyzed/voicemessaging-audio-analyzed/0/1728919723005?m=AQLbzYtLVGHTyQAAAZnVuJ4S9fA8H9pS8U1C1ZINqVoOHyNlzU9UPt_9Yb0&ne=1&v=beta&t=YPcykpkwFp1m4FA2LxIAp0Kt3iFqWoY7U87sTtPp7mE
2-NTExMDZhYmYtZDgzNC00MTcwLWJhYzgtNmJiYjRhMDE1NzMyXzAxMw==,,Gabriel Oliveira de Souza,https://www.linkedin.com/in/gabriel-tazz,Arthur Lopes Barbosa,https://www.linkedin.com/in/arthur-lopes-barbosa-b3aa72206,2024-10-14 15:25:07 UTC,,Parabéns por iniciar seus estudos na Senac São Paulo!,INBOX,
2-NTExMDZhYmYtZDgzNC00MTcwLWJhYzgtNmJiYjRhMDE1NzMyXzAxMw==,,Gabriel Oliveira de Souza,https://www.linkedin.com/in/gabriel-tazz,Arthur Lopes Barbosa,https://www.linkedin.com/in/arthur-lopes-barbosa-b3aa72206,2023-12-21 20:13:06 UTC,,,INBOX,
2-NTExMDZhYmYtZDgzNC00MTcwLWJhYzgtNmJiYjRhMDE1NzMyXzAxMw==,,Arthur Lopes Barbosa,https://www.linkedin.com/in/arthur-lopes-barbosa-b3aa72206,Gabriel Oliveira de Souza,https://www.linkedin.com/in/gabriel-tazz,2023-12-21 18:07:53 UTC,,,INBOX,
2-NTExMDZhYmYtZDgzNC00MTcwLWJhYzgtNmJiYjRhMDE1NzMyXzAxMw==,,Gabriel Oliveira de Souza,https://www.linkedin.com/in/gabriel-tazz,Arthur Lopes Barbosa,https://www.linkedin.com/in/arthur-lopes-barbosa-b3aa72206,2023-11-13 16:22:42 UTC,,Sabia nem que essa poha tinha chat ,INBOX,
2-NTExMDZhYmYtZDgzNC00MTcwLWJhYzgtNmJiYjRhMDE1NzMyXzAxMw==,,Arthur Lopes Barbosa,https://www.linkedin.com/in/arthur-lopes-barbosa-b3aa72206,Gabriel Oliveira de Souza,https://www.linkedin.com/in/gabriel-tazz,2023-11-13 14:45:05 UTC,,lindo,INBOX,
2-YmJhNzQ5Y2UtNjkwYy00OTAwLWE2ZTUtODAwYWEzMzczNDM2XzEwMA==,Conselheiro ou espectador da transformação?,FGV - Fundação Getulio Vargas,,Gabriel Oliveira de Souza,https://www.linkedin.com/in/gabriel-tazz,2025-09-19 17:19:08 UTC,,"<p class=""spinmail-quill-editor__spin-break"">Olá, Gabriel,</p><p class=""spinmail-quill-editor__spin-break""><br></p><p class=""spinmail-quill-editor__spin-break"">Os conselhos estão mudando. E rápido.</p><p class=""spinmail-quill-editor__spin-break""><br></p><p class=""spinmail-quill-editor__spin-break"">Não basta mais garantir governança. O mercado exige visão estratégica, domínio de riscos e liderança em inovação e ESG.</p><p class=""spinmail-quill-editor__spin-break""><br></p><p class=""spinmail-quill-editor__spin-break"">79% dos boards estão revendo seu modelo.</p><p class=""spinmail-quill-editor__spin-break"">Menos de 30% dominam transformação digital.</p><p class=""spinmail-quill-editor__spin-break"">E a pressão por impacto real, não apenas compliance, nunca foi tão alta.</p><p class=""spinmail-quill-editor__spin-break""><br></p><p class=""spinmail-quill-editor__spin-break"">A pergunta é: seu conselho está preparado?</p><p class=""spinmail-quill-editor__spin-break"">E você, está pronto para liderar essa mudança?</p><p class=""spinmail-quill-editor__spin-break""><br></p><p class=""spinmail-quill-editor__spin-break"">O curso Conselho de Alta Performance da FGV é voltado para quem já atua em conselhos ou deseja se preparar para assumir essa posição com visão moderna, prática e estratégica.</p><p class=""spinmail-quill-editor__spin-break""><br></p><p class=""spinmail-quill-editor__spin-break"">Veja como se posicionar entre os conselheiros mais influentes do país: <a rel=""noopener"" href=""https://altagestao.fgv.br/curso/formacao-de-conselheiro-de-empresas-de-controle-familiar-sao-paulo?utm_source=linkedin&utm_medium=cpc&utm_campaign=ide_alta-gestao_conversao&utm_content=inmail_primeiro-impacto_na_sem-seg&li_fat_id=a161cfdc-029c-4c11-92b9-a4729030396b"" target=""_blank"">https://altagestao.fgv.br/curso/formacao-de-conselheiro-de-empresas-de-controle-familiar-sao-paulo?utm_source=linkedin&amp;utm_medium=cpc&amp;utm_campaign=ide_alta-gestao_conversao&amp;utm_content=inmail_primeiro-impacto_na_sem-seg</a></p><p class=""spinmail-quill-editor__spin-break""><br></p><p class=""spinmail-quill-editor__spin-break"">Atenciosamente,</p><p class=""spinmail-quill-editor__spin-break"">Equipe FGV Educação Executiva</p>",ARCHIVE,
2-ZDg1ZmE1MzctNGI0NS00M2RiLTk0MzItODdhODJkNjI1ZjgxXzEwMA==,Sponsored Conversation,LinkedIn Member,,Gabriel Oliveira de Souza,https://www.linkedin.com/in/gabriel-tazz,2025-09-07 13:39:35 UTC,,"<p class=""spinmail-quill-editor__spin-break"">Olá, %FIRSTNAME%! </p><p class=""spinmail-quill-editor__spin-break""><br></p><p class=""spinmail-quill-editor__spin-break"">Recentemente, vimos um aumento nos anúncios de vagas que podem ser adequadas para você. Gostaria de experimentar o Premium gratuitamente para saber mais sobre essas oportunidades?</p>",ARCHIVE,
2-MjgwNGZjZWMtNjM5MS00ODk3LTgyYjUtOGFlZWQxMmU2MTJiXzEwMA==,Sponsored Conversation,Gabriel Oliveira de Souza,https://www.linkedin.com/in/gabriel-tazz,LinkedIn Member,,2025-08-30 05:48:50 UTC,,Inscreva-se agora,ARCHIVE,
2-MjgwNGZjZWMtNjM5MS00ODk3LTgyYjUtOGFlZWQxMmU2MTJiXzEwMA==,Sponsored Conversation,Gabriel Oliveira de Souza,https://www.linkedin.com/in/gabriel-tazz,LinkedIn Member,,2025-08-30 00:10:50 UTC,,Inscreva-se agora,ARCHIVE,
2-MjgwNGZjZWMtNjM5MS00ODk3LTgyYjUtOGFlZWQxMmU2MTJiXzEwMA==,Sponsored Conversation,Gabriel Oliveira de Souza,https://www.linkedin.com/in/gabriel-tazz,LinkedIn Member,,2025-08-30 00:08:47 UTC,,Inscreva-se agora,ARCHIVE,
2-MjgwNGZjZWMtNjM5MS00ODk3LTgyYjUtOGFlZWQxMmU2MTJiXzEwMA==,Sponsored Conversation,LinkedIn Member,,Gabriel Oliveira de Souza,https://www.linkedin.com/in/gabriel-tazz,2025-08-30 00:06:26 UTC,,"<p class=""spinmail-quill-editor__spin-break"">Olá %FIRSTNAME%,</p><p class=""spinmail-quill-editor__spin-break""><br></p><p class=""spinmail-quill-editor__spin-break"">Sou recrutador da DataAnnotation, onde pagamos pessoas inteligentes para treinar IA. <strong>O seu perfil se destacou para nós, pois estamos buscando profissionais bilíngues em inglês e português. </strong>Precisamos de consultores para ajudar a treinar a IA e garantir a sua precisão. Você nos ajudará a escrever respostas para solicitações e a pesquisar/verificar as respostas da IA.</p><p class=""spinmail-quill-editor__spin-break""><br></p><p class=""spinmail-quill-editor__spin-break"">Alguns destaques do que pode ser seu mais novo trabalho paralelo:</p><p class=""spinmail-quill-editor__spin-break""><br></p><ul><li>Ganhe mais de $1.000 USD por semana, pagos via PayPal 💸</li><li>Totalmente remoto 🏡</li><li>Trabalhe o quanto ou o que quiser - faça o seu próprio horário! 💻</li><li><strong>NÃO é necessário experiência com IA 😃</strong></li></ul><p class=""spinmail-quill-editor__spin-break""><br></p><p class=""spinmail-quill-editor__spin-break""><strong>Qualificações:</strong></p><p class=""spinmail-quill-editor__spin-break""><br></p><ul><li>Fluente em português e inglês</li><li>Graduação completa ou em andamento</li><li>Habilidades fortes de verificação de fatos, redação e gramática</li></ul><p class=""spinmail-quill-editor__spin-break""><br></p><p class=""spinmail-quill-editor__spin-break"">Por favor, inscreva-se abaixo!</p>",ARCHIVE,
2-MTZmMTVkN2QtZTYwOS00MWM3LTk4Y2EtNDNiNjkzYTg0N2YxXzEwMA==,Sponsored Conversation,LinkedIn Member,,Gabriel Oliveira de Souza,https://www.linkedin.com/in/gabriel-tazz,2025-08-05 19:39:41 UTC,,"<p class=""spinmail-quill-editor__spin-break"">Olá, %FIRSTNAME%! A saúde não espera! ⏳ Cuide da sua saúde com um <strong>plano de saúde</strong> completo e personalizado.</p><p class=""spinmail-quill-editor__spin-break""><br></p><p class=""spinmail-quill-editor__spin-break""><strong>Como consultora especializada, eu te ajudo a encontrar o plano ideal, com as melhores coberturas e o melhor custo-benefício. Plano individual, familiar e empresarial.</strong></p><p class=""spinmail-quill-editor__spin-break""><br></p><p class=""spinmail-quill-editor__spin-break"">Preencha o formulário abaixo e entrarei em contato com você.&nbsp;</p>",ARCHIVE,
2-N2M4Mjk2NjItZGE5Zi00ZmY4LWExNzYtN2NmMDA2NDc1MTM1XzEwMA==,Sponsored Conversation,LinkedIn Member,,Gabriel Oliveira de Souza,https://www.linkedin.com/in/gabriel-tazz,2025-07-29 07:37:47 UTC,,"<p class=""spinmail-quill-editor__spin-break"">Olá, %FIRSTNAME%.</p><p class=""spinmail-quill-editor__spin-break""><br></p><p class=""spinmail-quill-editor__spin-break"">O LinkedIn valoriza usuários como você. Por isso, gostaríamos de oferecer uma demonstração gratuita (30 dias) dos recursos incríveis do LinkedIn Sales Navigator.</p><p class=""spinmail-quill-editor__spin-break""><br></p><p class=""spinmail-quill-editor__spin-break"">Com a tecnologia de deep sales do Sales Navigator, os vendedores e as equipes de vendas têm acesso a dados em tempo real que ajudam a identificar os clientes ideais.</p><p class=""spinmail-quill-editor__spin-break""><br></p><p class=""spinmail-quill-editor__spin-break"">Tudo pronto para começar?</p>",ARCHIVE,
2-YTBkNTExZTItZDllYi00NmJjLTkzMTAtMTJkNDVkM2I1YjhiXzEwMA==,Sponsored Conversation,LinkedIn Member,,Gabriel Oliveira de Souza,https://www.linkedin.com/in/gabriel-tazz,2025-06-27 19:36:23 UTC,,"<p class=""spinmail-quill-editor__spin-break"">Olá %FIRSTNAME%, tudo bem?</p><p class=""spinmail-quill-editor__spin-break"">Seu time de SESMT está perdendo tempo e produtividade com processos manuais ou plataformas que não atendem 100% da sua necessidade de <strong>gerenciar a SST e os EPIs dos colaboradores</strong>?</p><p class=""spinmail-quill-editor__spin-break""><br></p><p class=""spinmail-quill-editor__spin-break"">Na Valide, temos a solução para os seus problemas!</p><p class=""spinmail-quill-editor__spin-break"">Nosso sistema possui:</p><ul><li>Ficha de EPI online com reconhecimento facial</li><li>Controle de vencimento de CA e equipamentos</li><li>&nbsp;Auditoria em 100% dos documentos</li></ul><p class=""spinmail-quill-editor__spin-break""><br></p><p class=""spinmail-quill-editor__spin-break""><strong>Solicite uma demonstração</strong> com nosso time de especialistas e transforme a sua Gestão de Documentos Trabalhistas e de Segurança do Trabalho!</p>",ARCHIVE,
2-MGM0ZDcwM2EtMDY4Ny00YTEwLTk3ZWItZTNlMzhjMzUzNjk3XzEwMA==,Sponsored Conversation,LinkedIn Member,,Gabriel Oliveira de Souza,https://www.linkedin.com/in/gabriel-tazz,2025-06-16 08:38:08 UTC,,"<p class=""spinmail-quill-editor__spin-break"">Olá, %FIRSTNAME%!</p><p class=""spinmail-quill-editor__spin-break""><br></p><p class=""spinmail-quill-editor__spin-break"">Recentemente, vimos um aumento nos anúncios de vagas que podem ser adequadas para você. Gostaria de experimentar o Premium gratuitamente para saber mais sobre essas oportunidades?</p>",ARCHIVE,
2-NTU0OTk4N2YtMWZmMS00NTY3LTkzOGEtMDgyMjMzZTFhYzcxXzEwMA==,Sponsored Conversation,LinkedIn Member,,Gabriel Oliveira de Souza,https://www.linkedin.com/in/gabriel-tazz,2025-05-05 17:54:58 UTC,,"<p class=""spinmail-quill-editor__spin-break"">Olá, %FIRSTNAME%!</p><p class=""spinmail-quill-editor__spin-break""><br></p><p class=""spinmail-quill-editor__spin-break"">Recentemente, vimos um aumento nos anúncios de vagas que podem ser adequadas para você. Gostaria de experimentar o Premium gratuitamente para saber mais sobre essas oportunidades?</p>",ARCHIVE,
2-NGJhNjYwMWUtNDNhZC00ZThiLWE1YmYtM2I4ZmQ0ZTA0OGM4XzEwMA==,,Gabriel Oliveira de Souza,https://www.linkedin.com/in/gabriel-tazz,Eduardo Ângelo,https://www.linkedin.com/in/eduardoangelodev,2025-05-05 15:53:56 UTC,,Obrigado,ARCHIVE,
2-NGJhNjYwMWUtNDNhZC00ZThiLWE1YmYtM2I4ZmQ0ZTA0OGM4XzEwMA==,,Eduardo Ângelo,https://www.linkedin.com/in/eduardoangelodev,Gabriel Oliveira de Souza,https://www.linkedin.com/in/gabriel-tazz,2025-05-05 01:16:35 UTC,,Feliz aniversário!,ARCHIVE,
2-NGRmNmRhODQtOGM5Yi00NjY4LWE1OWEtMmM3NDRmZjI4YzhkXzEwMA==,Convite para a imersão Leadership Skills,Dafna Blaschkauer,,Gabriel Oliveira de Souza,https://www.linkedin.com/in/gabriel-tazz,2025-04-19 12:07:43 UTC,,"<p class=""spinmail-quill-editor__spin-break"">Olá Gabriel, tudo bem?</p><p class=""spinmail-quill-editor__spin-break""><br></p><p class=""spinmail-quill-editor__spin-break"">Eu sou a Dafna Blaschkauer, executiva Global, com experiência de mais de 25 anos em posições de liderança em empresas como a Nike, Apple e a Microsoft.</p><p class=""spinmail-quill-editor__spin-break""><br></p><p class=""spinmail-quill-editor__spin-break"">Atualmente, eu sou a CEO do Superjump, um movimento de apaixonados por multiplicar conhecimento e junto à Escola de Negócios StartSe, desenvolvemos uma Imersão para capacitar lideranças em tempos de incerteza e alta pressão.</p><p class=""spinmail-quill-editor__spin-break""><br></p><p class=""spinmail-quill-editor__spin-break"">O Leadership Skills é um programa de 2 dias, onde vou compartilhar tudo o que eu aprendi ao longo da minha carreira para liderar e desenvolver times de alta performance, e principalmente, como lidar com os desafios e as dores atuais, que não aprendemos no banco das escolas e livros.</p><p class=""spinmail-quill-editor__spin-break""><br></p><p class=""spinmail-quill-editor__spin-break"">Junto comigo, estarei com um Super Squad de Mentores, ou melhor, o meu dream team, um grupo exclusivo de executivos globais, empreendedores, técnicos e atletas campeões mundiais para compartilhar suas experiências e aprendizados nos momentos mais desafiadores da sua carreira e vida.</p><p class=""spinmail-quill-editor__spin-break""><br></p><p class=""spinmail-quill-editor__spin-break"">É um encontro exclusivo para somente 50 líderes.</p><p class=""spinmail-quill-editor__spin-break""><br></p><p class=""spinmail-quill-editor__spin-break"">Você tem interesse em receber o material completo e avaliar se gostaria de estar na próxima turma?</p><p class=""spinmail-quill-editor__spin-break""><br></p><p class=""spinmail-quill-editor__spin-break"">Será um prazer somar e multiplicar com você!</p><p class=""spinmail-quill-editor__spin-break"">Um abraço e obrigada pela atenção.</p><p class=""spinmail-quill-editor__spin-break""><br></p><p class=""spinmail-quill-editor__spin-break"">Dafna Blaschkauer | CEO Superjump&nbsp;| Autora Best seller Power Skills&nbsp;| Parceira StartSe e Mentora&nbsp;do Leadership Skills</p>",ARCHIVE,
2-ZTJmNmQ3YjUtOTYzYy00N2ZiLThhNDItOWFkOTUyNjNhOTYyXzEwMA==,Sponsored Conversation,Gabriel Oliveira de Souza,https://www.linkedin.com/in/gabriel-tazz,LinkedIn Member,,2025-04-07 05:12:24 UTC,,Inscreva-se agora,ARCHIVE,
2-ZTJmNmQ3YjUtOTYzYy00N2ZiLThhNDItOWFkOTUyNjNhOTYyXzEwMA==,Sponsored Conversation,Gabriel Oliveira de Souza,https://www.linkedin.com/in/gabriel-tazz,LinkedIn Member,,2025-04-07 05:11:34 UTC,,Inscreva-se agora,ARCHIVE,
2-ZTJmNmQ3YjUtOTYzYy00N2ZiLThhNDItOWFkOTUyNjNhOTYyXzEwMA==,Sponsored Conversation,LinkedIn Member,,Gabriel Oliveira de Souza,https://www.linkedin.com/in/gabriel-tazz,2025-04-06 00:55:07 UTC,,"<p class=""spinmail-quill-editor__spin-break"">Olá %FIRSTNAME%,</p><p class=""spinmail-quill-editor__spin-break""><br></p><p class=""spinmail-quill-editor__spin-break"">Sou recrutador da DataAnnotation, onde pagamos pessoas inteligentes para treinar IA. <strong>O seu perfil se destacou para nós, pois estamos buscando profissionais bilíngues em inglês e português. </strong>Precisamos de consultores para ajudar a treinar a IA e garantir a sua precisão. Você nos ajudará a escrever respostas para solicitações e a pesquisar/verificar as respostas da IA.</p><p class=""spinmail-quill-editor__spin-break""><br></p><p class=""spinmail-quill-editor__spin-break"">Alguns destaques do que pode ser seu mais novo trabalho paralelo:</p><p class=""spinmail-quill-editor__spin-break""><br></p><ul><li>Ganhe mais de $1.000 USD por semana, pagos via PayPal 💸</li><li>Totalmente remoto 🏡</li><li>Trabalhe o quanto ou o que quiser - faça o seu próprio horário! 💻</li><li><strong>NÃO é necessário experiência com IA 😃</strong></li></ul><p class=""spinmail-quill-editor__spin-break""><br></p><p class=""spinmail-quill-editor__spin-break""><strong>Qualificações:</strong></p><p class=""spinmail-quill-editor__spin-break""><br></p><ul><li>Fluente em português e inglês</li><li>Graduação completa ou em andamento</li><li>Habilidades fortes de verificação de fatos, redação e gramática</li></ul><p class=""spinmail-quill-editor__spin-break""><br></p><p class=""spinmail-quill-editor__spin-break"">Por favor, inscreva-se abaixo!</p>",ARCHIVE,
2-MmVhMWRjNWMtZTA4Zi00Y2FjLTliN2EtYThmMDE3MDY5OTkxXzEwMA==,Evento GRATUITO para consultores – garanta sua vaga!,Rachel Paranhos,,Gabriel Oliveira de Souza,https://www.linkedin.com/in/gabriel-tazz,2025-03-28 14:15:26 UTC,,"<p class=""spinmail-quill-editor__spin-break"">👋 Olá, Gabriel!</p><p class=""spinmail-quill-editor__spin-break""><br></p><p class=""spinmail-quill-editor__spin-break"">Se você atua como consultor e quer levar seu negócio para o próximo nível, o <strong>Sólides Avança 3ª Edição</strong> foi feito para você! 🚀</p><p class=""spinmail-quill-editor__spin-break""><br></p><p class=""spinmail-quill-editor__spin-break"">No dia <strong>08/04, das 10h às 12h</strong>, você terá acesso a conteúdos exclusivos para <strong>escalar sua consultoria, fortalecer suas soft skills e criar ofertas de alto valor</strong>. E o melhor: <strong>é 100% online e gratuito!</strong></p><p class=""spinmail-quill-editor__spin-break""><br></p><p class=""spinmail-quill-editor__spin-break"">📌 <strong>O que você vai aprender?</strong></p><p class=""spinmail-quill-editor__spin-break""><br></p><p class=""spinmail-quill-editor__spin-break"">🎤 <strong>Soft Skills e Consultoria: Como Gerar Mais Valor para os Clientes</strong> – com Isabella Furmino</p><p class=""spinmail-quill-editor__spin-break""><br></p><p class=""spinmail-quill-editor__spin-break"">🎤 <strong>Consultoria 360°: Como Escalar seu Negócio e Criar Ofertas de Alto Valor</strong> – com Helber Vidigal</p><p class=""spinmail-quill-editor__spin-break""><br></p><p class=""spinmail-quill-editor__spin-break"">💡 Além disso, você poderá conhecer uma oportunidade incrível: o <strong>Aliança Sólides</strong>, um programa que pode gerar novas receitas para sua consultoria!</p><p class=""spinmail-quill-editor__spin-break""><br></p><p class=""spinmail-quill-editor__spin-break"">🎁 <strong>E tem mais!</strong> Quem indicar amigos para participar do evento concorre a prêmios exclusivos!</p><p class=""spinmail-quill-editor__spin-break""><br></p><p class=""spinmail-quill-editor__spin-break"">Não perca essa oportunidade única! <strong>Garanta sua vaga agora mesmo.</strong></p><p class=""spinmail-quill-editor__spin-break""><br></p><p class=""spinmail-quill-editor__spin-break"">Nos vemos lá! 🚀</p>",ARCHIVE,
2-NTljYmYzZWMtYmE1NC00MDExLWIzYzMtNGFmMzFmMTFhNDdhXzEwMA==,Sponsored Conversation,LinkedIn Member,,Gabriel Oliveira de Souza,https://www.linkedin.com/in/gabriel-tazz,2025-03-24 19:37:43 UTC,,"<p class=""spinmail-quill-editor__spin-break"">Olá, %FIRSTNAME%!</p><p class=""spinmail-quill-editor__spin-break""><br></p><p class=""spinmail-quill-editor__spin-break"">Recentemente, vimos um aumento nos anúncios de vagas que podem ser adequadas para você. Gostaria de experimentar o Premium gratuitamente para saber mais sobre essas oportunidades?</p>",ARCHIVE,
2-NDNjNTRlMWYtZjFlYy00ZDI2LWExYzktMTU3NmM4ZGU1NWQ5XzEwMA==,Sponsored Conversation,LinkedIn Member,,Gabriel Oliveira de Souza,https://www.linkedin.com/in/gabriel-tazz,2025-03-01 00:19:04 UTC,,"<p class=""spinmail-quill-editor__spin-break"">Sou a Felipe Coutinho, Gerente de marketing e Comunicação da Cultura Inglesa, e quero dividir algo com você.</p><p class=""spinmail-quill-editor__spin-break""><br></p><p class=""spinmail-quill-editor__spin-break"">Você sabia que há mais e melhores oportunidades no mercado de trabalho para pessoas que se comunicam em inglês com confiança e segurança? Já imaginou trabalhar em empresas pelo mundo, ganhando em dólar ou euro, por exemplo? O inglês pode ser a ferramenta que falta para você dar o próximo passo na sua carreira.</p><p class=""spinmail-quill-editor__spin-break""><br></p><p class=""spinmail-quill-editor__spin-break"">A Cultura Inglesa conta com cursos na modalidade remota ou presencial, além de cursos de curta duração destinados ao universo profissional que vão te garantir uma imersão no idioma com foco total na vida profissional.</p><p class=""spinmail-quill-editor__spin-break""><br></p><p class=""spinmail-quill-editor__spin-break"">Quer conhecer mais os nossos cursos e mudar o destino da sua carreira? Fale com a gente agora!</p><p class=""spinmail-quill-editor__spin-break"">Inglês Cultura Inglesa, só na Cultura Inglesa</p>",ARCHIVE,
2-ZmRkNjk4MmUtMTg3NC00YTIyLTg1NGYtMDQxMTAxY2MxNTQxXzEwMA==,Sponsored Conversation,LinkedIn Member,,Gabriel Oliveira de Souza,https://www.linkedin.com/in/gabriel-tazz,2025-02-12 15:19:45 UTC,,"<p class=""spinmail-quill-editor__spin-break"">Olá, %FIRSTNAME%!</p><p class=""spinmail-quill-editor__spin-break""><br></p><p class=""spinmail-quill-editor__spin-break"">Recentemente, vimos um aumento nos anúncios de vagas que podem ser adequadas para você. Gostaria de experimentar o Premium gratuitamente para saber mais sobre essas oportunidades?</p>",ARCHIVE,
2-NTE4ZWM5ZjctZTI1Yy00MGIwLThhY2YtMzEyMjllMTBiMTA2XzAxMw==,Sponsored Conversation,LinkedIn Member,,Gabriel Oliveira de Souza,https://www.linkedin.com/in/gabriel-tazz,2025-01-03 14:58:04 UTC,,"<p class=""spinmail-quill-editor__spin-break"">Olá, %FIRSTNAME%,</p><p class=""spinmail-quill-editor__spin-break""><br></p><p class=""spinmail-quill-editor__spin-break"">Você sabia que adicionar o selo #OpenToWork no seu perfil do LinkedIn dobra suas chances de receber mensagens de recrutadores?</p><p class=""spinmail-quill-editor__spin-break"">É muito simples: basta definir suas preferências de vaga, como tipo de função e localidade. Você pode compartilhar essa informação com toda a sua rede de contatos ou apenas com recrutadores.</p>",ARCHIVE,
2-MDFjMWVjZmQtYjZiZC00MjJhLWI5MGQtM2Y5MTA0Y2RiMzIxXzAxMw==,Sponsored Conversation,LinkedIn Member,,Gabriel Oliveira de Souza,https://www.linkedin.com/in/gabriel-tazz,2024-10-12 23:24:03 UTC,,"<p class=""spinmail-quill-editor__spin-break"">Olá %FIRSTNAME%, sou gerente de produto do LinkedIn e estou ajudando alguns membros que identifiquei a aproveitar ao máximo a plataforma e aumentar suas oportunidades profissionais. 😊</p><p class=""spinmail-quill-editor__spin-break""><br></p><p class=""spinmail-quill-editor__spin-break"">Pelo que observei, podemos dar um ""jeitinho"" no seu perfil para deixá-lo ainda melhor e impulsioná-lo 🚀. Posso sugerir algumas pessoas para você seguir? Acho que você vai gostar das minhas sugestões, e isso pode te ajudar nos próximos passos profissionais.</p>",ARCHIVE,
2-MDM0OWNkMGMtNTA2Yy00OTAxLTgxYzMtZGFlOTNjZDE0OTcxXzAxMw==,Sponsored Conversation,LinkedIn Member,,Gabriel Oliveira de Souza,https://www.linkedin.com/in/gabriel-tazz,2024-09-02 23:14:10 UTC,,"<p class=""spinmail-quill-editor__spin-break"">Olá, %FIRSTNAME%!</p><p class=""spinmail-quill-editor__spin-break""><br></p><p class=""spinmail-quill-editor__spin-break"">Sou a Franklin, da Equipe LinkedIn Premium. Recentemente, vimos um aumento nos anúncios de vagas que podem ser adequadas para você. Gostaria de experimentar o Premium gratuitamente para saber mais sobre essas oportunidades?</p>",ARCHIVE,
2-NGRmN2Y5ZDUtZWQ4OC00MWQ3LTkzMmUtNjNmMDFlNWE5NzlhXzAxMw==,Sponsored Conversation,LinkedIn Member,,Gabriel Oliveira de Souza,https://www.linkedin.com/in/gabriel-tazz,2024-06-19 03:17:44 UTC,,"<p class=""spinmail-quill-editor__spin-break"">Olá, %FIRSTNAME%!</p><p class=""spinmail-quill-editor__spin-break""><br></p><p class=""spinmail-quill-editor__spin-break"">Sou a Franklin, da Equipe LinkedIn Premium. Recentemente, vimos um aumento nos anúncios de vagas que podem ser adequadas para você. Gostaria de experimentar o Premium gratuitamente para saber mais sobre essas oportunidades?</p>",ARCHIVE,
2-ZDViMDQxZGQtZTQ1Yi00ZTdjLThhY2EtZjU2ODFhYWExN2U3XzAxMw==,Sponsored Conversation,LinkedIn Member,,Gabriel Oliveira de Souza,https://www.linkedin.com/in/gabriel-tazz,2024-05-10 04:09:53 UTC,,"<p class=""spinmail-quill-editor__spin-break"">Olá, %FIRSTNAME%.</p><p class=""spinmail-quill-editor__spin-break"">Como vai?</p><p class=""spinmail-quill-editor__spin-break""><br></p><p class=""spinmail-quill-editor__spin-break"">Sou a Giselle Leme, Gerente de Marketing da <a href=""https://www.feimec.com.br/pt/credenciamento_whatsapp.html?utm_source=linkedin&amp;utm_medium=cps&amp;utm_campaign=adsplay_credenciamento_nacional&amp;utm_content=inmail"" rel=""noopener nofollow"" target=""_blank"" class=""ql-link""><strong>FEIMEC</strong></a>, e estou muito animada para convidar todos os entusiastas de tecnologia para este grande encontro!</p><p class=""spinmail-quill-editor__spin-break""><br></p><p class=""spinmail-quill-editor__spin-break"">Prepare-se para uma experiência única na <a href=""https://www.feimec.com.br/pt/credenciamento_whatsapp.html?utm_source=linkedin&amp;utm_medium=cps&amp;utm_campaign=adsplay_credenciamento_nacional&amp;utm_content=inmail"" rel=""noopener nofollow"" target=""_blank"" class=""ql-link""><strong>FEIMEC 2024</strong></a>, o evento que se destaca como o maior palco de lançamentos de tecnologias para a Indústria da América Latina. É o momento em que os mais ávidos consumidores de novidades tecnológicas se reúnem para explorar os avanços mais recentes do setor e mergulhar em um universo de inovação.</p><p class=""spinmail-quill-editor__spin-break""><br></p><p class=""spinmail-quill-editor__spin-break"">Aproveite a oportunidade de conhecer e testar as inovações que estão se destacando na tecnologia industrial.</p>",ARCHIVE,
2-YjUxNGMyYTQtOTdiYS00NzdjLTk3N2MtZGU1NDE3M2YxMDRlXzAxMg==,Sponsored Conversation,LinkedIn Member,,Gabriel Oliveira de Souza,https://www.linkedin.com/in/gabriel-tazz,2024-04-17 01:40:39 UTC,,"<p class=""spinmail-quill-editor__spin-break"">Olá, %FIRSTNAME%! Sou a Franklin, da Equipe LinkedIn Premium. Recentemente, vimos um aumento nos anúncios de vagas que podem ser adequadas para você. Gostaria de experimentar o Premium gratuitamente para saber mais sobre essas oportunidades?</p>",ARCHIVE,
2-ZWIxMzcyNWQtNDQxMi00MzU5LTljZGQtYTBkMWY0MzU5YzU3XzAxMw==,Sponsored Conversation,LinkedIn Member,,Gabriel Oliveira de Souza,https://www.linkedin.com/in/gabriel-tazz,2024-02-17 02:46:41 UTC,,"<p class=""spinmail-quill-editor__spin-break"">Olá, %FIRSTNAME%! Sou a Franklin, da Equipe LinkedIn Premium. Recentemente, vimos um aumento nos anúncios de vagas que podem ser adequadas para você. Gostaria de experimentar o Premium gratuitamente para saber mais sobre essas oportunidades?</p>",ARCHIVE,
2-NDk0OTQ0MGMtOGM5YS00NzYwLThhZWQtZWFjZTM0YTU4MjRhXzAxMw==,Sponsored Conversation,Gabriel Oliveira de Souza,https://www.linkedin.com/in/gabriel-tazz,LinkedIn Member,,2023-12-23 19:06:21 UTC,,Experimente grátis,ARCHIVE,
2-NDk0OTQ0MGMtOGM5YS00NzYwLThhZWQtZWFjZTM0YTU4MjRhXzAxMw==,Sponsored Conversation,LinkedIn Member,,Gabriel Oliveira de Souza,https://www.linkedin.com/in/gabriel-tazz,2023-12-23 19:06:11 UTC,,"Ótimo, o Premium pode ajudar você a conseguir o emprego dos sonhos graças aos cursos do LinkedIn Learning e aos insights sobre os candidatos de destaque.",ARCHIVE,
2-NDk0OTQ0MGMtOGM5YS00NzYwLThhZWQtZWFjZTM0YTU4MjRhXzAxMw==,Sponsored Conversation,Gabriel Oliveira de Souza,https://www.linkedin.com/in/gabriel-tazz,LinkedIn Member,,2023-12-23 19:06:10 UTC,,Desenvolver competências,ARCHIVE,
2-NDk0OTQ0MGMtOGM5YS00NzYwLThhZWQtZWFjZTM0YTU4MjRhXzAxMw==,Sponsored Conversation,LinkedIn Member,,Gabriel Oliveira de Souza,https://www.linkedin.com/in/gabriel-tazz,2023-12-23 19:05:56 UTC,,Ótimo. O Premium pode ajudar de várias maneiras. Seu foco é conectar-se com gerentes de contratação ou desenvolver suas competências profissionais?,ARCHIVE,
2-NDk0OTQ0MGMtOGM5YS00NzYwLThhZWQtZWFjZTM0YTU4MjRhXzAxMw==,Sponsored Conversation,Gabriel Oliveira de Souza,https://www.linkedin.com/in/gabriel-tazz,LinkedIn Member,,2023-12-23 19:05:56 UTC,,Grátis? Sim!,ARCHIVE,
2-NDk0OTQ0MGMtOGM5YS00NzYwLThhZWQtZWFjZTM0YTU4MjRhXzAxMw==,Sponsored Conversation,LinkedIn Member,,Gabriel Oliveira de Souza,https://www.linkedin.com/in/gabriel-tazz,2023-12-21 21:55:41 UTC,,"<p class=""spinmail-quill-editor__spin-break"">Olá, %FIRSTNAME%! Sou a Franklin, da Equipe LinkedIn Premium. Recentemente, vimos um aumento nos anúncios de vagas que podem ser adequadas para você. Gostaria de experimentar o Premium gratuitamente para saber mais sobre essas oportunidades?</p>",ARCHIVE,
2-NzZhYzJiZWQtYzdkMS00MTBmLTlkZmUtYmUwMzQzMmY1NjE0XzAxMw==,Sponsored Conversation,LinkedIn Member,,Gabriel Oliveira de Souza,https://www.linkedin.com/in/gabriel-tazz,2023-10-18 08:42:38 UTC,,"<p class=""spinmail-quill-editor__spin-break"">Olá, %FIRSTNAME%. Sou a Franklin, da Equipe LinkedIn Premium. Aumente sua rede enquanto se destaca de seus concorrentes. Experimente o Premium grátis.</p>",ARCHIVE,
2-N2VhZjIxM2MtMmI3ZS00OGViLWJjNDEtY2MxNTM5NzU3Mzc5XzAxMw==,Sponsored Conversation,LinkedIn Member,,Gabriel Oliveira de Souza,https://www.linkedin.com/in/gabriel-tazz,2023-08-29 06:07:19 UTC,,"Olá, %FIRSTNAME%. Sou a Diane, da Equipe LinkedIn Premium. Aumente sua rede enquanto se destaca de seus concorrentes. Experimente o Premium grátis. ",ARCHIVE,
2-ZWQxMWJiZTItNzUxMC00ZmIyLThkM2UtNGU5YTIwNzQ0MmFjXzAxMw==,Sponsored Conversation,LinkedIn Member,,Gabriel Oliveira de Souza,https://www.linkedin.com/in/gabriel-tazz,2023-07-13 20:17:11 UTC,,"Olá, %FIRSTNAME%! Sou a Diane, da Equipe LinkedIn Premium. Recentemente, vimos um aumento nos anúncios de vagas que podem ser adequadas para você. Gostaria de experimentar o Premium gratuitamente para saber mais sobre essas oportunidades? ",ARCHIVE,
2-NDMwYWI1MjAtYzg5My00NjMyLTk0NGEtMzMxNDQxNTY3NGQzXzAxMw==,Sponsored Conversation,LinkedIn Member,,Gabriel Oliveira de Souza,https://www.linkedin.com/in/gabriel-tazz,2023-05-22 15:56:31 UTC,,"Olá, %FIRSTNAME%. Sou a Diane, da Equipe LinkedIn Premium. Obrigada por fazer parte do LinkedIn. Gostaria de oferecer a você uma demonstração gratuita de um mês do LinkedIn Premium. ",ARCHIVE,
2-N2JjNzZiNjktN2YxOC00YTRkLWJhMGYtYTEzMWIwYjJkZDMxXzEwMA==,Transportar carga no Brasil ,Samara Claudino,,Gabriel Oliveira de Souza,https://www.linkedin.com/in/gabriel-tazz,2025-08-14 16:51:51 UTC,,"<p class=""spinmail-quill-editor__spin-break"">Gabriel, tudo bem?</p><p class=""spinmail-quill-editor__spin-break""><br></p><p class=""spinmail-quill-editor__spin-break"">Vi seu perfil e achei uma boa ideia te mandar essa mensagem sobre transporte de carga.</p><p class=""spinmail-quill-editor__spin-break""><br></p><p class=""spinmail-quill-editor__spin-break"">Transportar carga no Brasil com tranquilidade hoje é quase um luxo, mas pra algumas empresas, virou padrão. Essas são as que trabalham com a gente.</p><p class=""spinmail-quill-editor__spin-break""><br></p><p class=""spinmail-quill-editor__spin-break"">Cargas líquidas, tubos, sider, especiais, perigosas… A gente cuida do transporte com <strong>seguro completo, rastreamento em tempo real e SLA pra cumprir o que promete.</strong></p><p class=""spinmail-quill-editor__spin-break""><br></p><p class=""spinmail-quill-editor__spin-break"">Não somos solução pra quem busca “frete barato”. Somos parceiros de quem busca <strong>logística segura, eficiente e sob controle</strong>.</p><p class=""spinmail-quill-editor__spin-break""><br></p><p class=""spinmail-quill-editor__spin-break"">Se quiser conhecer o processo por dentro, deixei um formulário rápido aqui</p><p class=""spinmail-quill-editor__spin-break""><br></p><p class=""spinmail-quill-editor__spin-break""><strong>Obs: Não atendemos Carga Fracionada. Nosso foco é o transporte de Carga Fechada (ou Frete Dedicado). Com essa modalidade, sua carga viaja sozinha do ponto de coleta ao destino, sem paradas intermediárias, o que reduz o tempo de trânsito e os riscos de manuseio.</strong></p>",SPAM,
