Date/Time,Media Description,Media Link
"You uploaded a photo on October 1, 2025 at 8:23 AM (GMT)", -,https://media.licdn.com/dms/image/v2/D4D2DAQF_zuRiyOXufQ/profile-treasury-image-shrink_8192_8192/B4DZme3kloIcAg-/0/1759306993669?e=1760835600&v=beta&t=rSNBeb_xZAaTkGIvOeDmiopKcfuxzC7xApUTDiRIlkY
"You uploaded a photo on October 1, 2025 at 8:19 AM (GMT)", -,https://media.licdn.com/dms/image/v2/D4D2DAQFQH3IoDJqbfQ/profile-treasury-image-shrink_8192_8192/B4DZme2uCNHsAg-/0/1759306769877?e=1760835600&v=beta&t=HxklF3EWSkFR66k5JfQ-_xjFJJ0W_5G1-lNzyyWm5KY
"You uploaded a photo on October 1, 2025 at 8:17 AM (GMT)", -,https://media.licdn.com/dms/image/v2/D4D2DAQHrz5K-aki1pQ/profile-treasury-image-shrink_1920_1920/B4DZme2RSIJUAc-/0/1759306652172?e=1760835600&v=beta&t=gFP6I4fyfQianvK4Yx4WlCDiheQztRu1hOKkeH9gJ3w
"You uploaded a feed photo on September 4, 2025 at 2:25 AM (GMT)", -,https://media.licdn.com/dms/image/v2/D4D22AQHoGm0wvcRVcQ/feedshare-shrink_2048_1536/B4DZkSi2wbGQA0-/0/1756952793825?e=1762992000&v=beta&t=WenG0pQaEnfk0E0k7ETLY_wMJdV_delyfZKHozgzKSU
"You uploaded a feed photo on September 4, 2025 at 2:25 AM (GMT)", -,https://media.licdn.com/dms/image/v2/D4D22AQG-DdqVLBsimQ/feedshare-shrink_480/B4DZkSi2tWGkAY-/0/1756952754828?e=1762992000&v=beta&t=7BM9WKr8hAOhE2iX2EI6_13tOLNobqzJWoYjQTQ0aHA
"You uploaded a feed photo on September 4, 2025 at 2:25 AM (GMT)", -,https://media.licdn.com/dms/image/v2/D4D22AQEYl_7laTJclQ/feedshare-shrink_480/B4DZkSi2rqHYAY-/0/1756952752123?e=1762992000&v=beta&t=Xpx4uUPKEi3MdpPknuLyUI4hS0lBe9hoAzFB1mMDI1c
"You uploaded a feed photo on August 31, 2025 at 1:16 AM (GMT)", -,https://media.licdn.com/dms/image/v2/D4D22AQFVGH9FOItXAg/feedshare-shrink_2048_1536/B4DZj9sjQSIYA0-/0/1756602975893?e=1762992000&v=beta&t=bIH4Hqb1oOEtFrJtQXdGUB2kqYHydf1B_sFzz7xVAUE
"You uploaded a photo on August 30, 2025 at 8:31 PM (GMT)", -,https://media.licdn.com/dms/image/v2/D4D2DAQHXYZwdcD7j2A/profile-treasury-image-shrink_8192_8192/B4DZj8rVgXH4Ak-/0/1756585875983?e=1760835600&v=beta&t=5F9UKUOI9DRdP6hizIwnSOjBotBH4Km6XbRrUSu2YOg
"You uploaded a photo on August 30, 2025 at 8:30 PM (GMT)", -,https://media.licdn.com/dms/image/v2/D4D2DAQF3T8k5PkINww/profile-treasury-image-shrink_8192_8192/B4DZj8rKayHYAg-/0/1756585830518?e=1760835600&v=beta&t=cuqmOp9yhq5jDFBGIu2T4ULiInFV0rQ-AUeJ339CyTk
"You uploaded a photo on August 30, 2025 at 8:19 PM (GMT)", -,https://media.licdn.com/dms/image/v2/D4D2DAQHM86FjJcBJdw/profile-treasury-image-shrink_1280_1280/B4DZj8opWjIEAU-/0/1756585171036?e=1760835600&v=beta&t=C5rfHUy92-FRmiHmIiIutRIoIX3sxNaEu-31rZk41k8
"You uploaded a photo on August 30, 2025 at 8:18 PM (GMT)", -,https://media.licdn.com/dms/image/v2/D4D2DAQFAq4UQEzayiQ/profile-treasury-image-shrink_8192_8192/B4DZj8ofZPGQAo-/0/1756585130419?e=1760835600&v=beta&t=GxeuPRIQo5BfyNtN_PA9WUhoS1VE0RFRcm5rv-53Zio
"You uploaded a photo on August 30, 2025 at 8:13 PM (GMT)", -,https://media.licdn.com/dms/image/v2/D4D2DAQFX7i2HSUtV3Q/profile-treasury-image-shrink_1280_1280/B4DZj8nLQxIEAQ-/0/1756584785648?e=1760835600&v=beta&t=O7i_g6W7aUc_6GLoazxwpNMrlDytI1BjKvA72_MW7m4
"You uploaded a profile background photo on August 23, 2025 at 12:15 AM (GMT)", -,https://media.licdn.com/dms/image/v2/D4D16AQEbT2DdrHcdlg/profile-displaybackgroundimage-shrink_200_800/B4DZjUR9m8GsAY-/0/1755908136056?e=1762992000&v=beta&t=rxUlA4nQbUeJDEd3k3SAwwie79BmEtxpx9U_OTiYjy8
"You uploaded a profile background photo on August 23, 2025 at 12:15 AM (GMT)", -,https://media.licdn.com/dms/image/v2/D4D04AQEFgkcPKomQeg/profile-background-servable-original-image/B4DZjUR9mXHwAI-/0/1755908135855?e=1762992000&v=beta&t=bAVECdrIBNPfq_AOpzFckMqAKDF6QfPfDtKRzePG19M
"You uploaded a photo on July 31, 2025 at 4:00 AM (GMT)", -,https://media.licdn.com/dms/image/v2/D4D2DAQHTrVFA0f6CvQ/profile-treasury-image-shrink_8192_8192/B4DZheoxgRG8Ag-/0/1753934403997?e=1760835600&v=beta&t=x3aT05cYwPwDD0cLgQycYRNtkFO-__tgq_rVBA1vQZM
"You uploaded a photo on July 30, 2025 at 4:30 AM (GMT)", -,https://media.licdn.com/dms/image/v2/D4D03AQExw7MnDCIaPg/profile-displayphoto-scale_200_200/B4DZhZmKtbH4AY-/0/1753849834827?e=1762992000&v=beta&t=jTcB1Rd9rBbcNlgz81aCoyheWuazuKAQCMSb0aLxsWo
"You uploaded a profile photo on July 30, 2025 at 4:30 AM (GMT)", -,https://media.licdn.com/dms/image/v2/D4D04AQGlPKDaBS8arQ/profile-originalphoto-shrink_900_1200/B4DZhZmKtbHwAI-/0/1753849834809?e=1762992000&v=beta&t=3m9qXXQcZgBy-ETQMUXKzNWCFKZ0d12bEE5MKOViGqk
"You uploaded a photo on April 27, 2025 at 11:45 AM (GMT)", -,https://media.licdn.com/dms/image/v2/D4D2DAQFWvxD9TWhepQ/profile-treasury-image-shrink_8192_8192/B4DZZ3EKD9H4Ak-/0/1745754303557?e=1760835600&v=beta&t=IE43CMZnSY0PNk7lmq3SW8CD6KCb97uYt11F8z5OhbI
"You uploaded a photo on April 27, 2025 at 11:43 AM (GMT)", -,https://media.licdn.com/dms/image/v2/D4D2DAQHPjC86VQE3GQ/profile-treasury-image-shrink_8192_8192/B4DZZ3D4jgHIAg-/0/1745754233185?e=1760835600&v=beta&t=wvx-H6ixpJiYjeonOrnTc6nabrkU4mSjO0FJ5-z2wwI
"You uploaded a feed photo on March 23, 2025 at 9:09 PM (GMT)", -,https://media.licdn.com/dms/image/v2/D4D22AQF9uksu25hucw/feedshare-shrink_1280/B4DZXE1wKtH4Ak-/0/1742764181085?e=1762992000&v=beta&t=dt1aVsw02kQB7XhaV3wnMYWYZ6isxCtzs4pS9OQrL2M
"You uploaded a photo on December 6, 2023 at 10:45 AM (GMT)", -,https://media.licdn.com/dms/image/v2/D4D2DAQEmMq2CGBUc2Q/profile-treasury-image-shrink_8192_8192/profile-treasury-image-shrink_8192_8192/0/1701859553430?e=1760835600&v=beta&t=-CXb1JHYisDONPW56O5t7hvmRdJXkG44JMHtDxBSQLo
"You uploaded a profile background photo on October 17, 2023 at 11:37 PM (GMT)", -,https://media.licdn.com/dms/image/v2/D4D16AQEeaDrLbr4_Jw/profile-displaybackgroundimage-shrink_200_800/profile-displaybackgroundimage-shrink_200_800/0/1697585855493?e=1762992000&v=beta&t=1I9m6vySYAOfuWtGVI42zxhTL_l_XjJ2Iff4wsfKyGg
"You uploaded a profile background photo on October 17, 2023 at 11:37 PM (GMT)", -,https://media.licdn.com/dms/image/v2/D4D04AQGIdAyl3Yjs-Q/profile-originalbackgroundimage-shrink_396_1584/profile-originalbackgroundimage-shrink_396_1584/0/1697585855703?e=1762992000&v=beta&t=NuImDYYXXb5m9NSgsItAUcVJHFBD6tABTCmDTPddvfI
"You uploaded a profile background photo on October 17, 2023 at 11:32 PM (GMT)", -,https://media.licdn.com/dms/image/v2/D4D16AQFI6ip7HXIyUw/profile-displaybackgroundimage-shrink_200_800/profile-displaybackgroundimage-shrink_200_800/0/1697585576853?e=1762992000&v=beta&t=WREbHkqa_pzJdsj8Wgkou1P3lRY09MT2Ap9A5Knt98o
"You uploaded a profile background photo on October 17, 2023 at 11:32 PM (GMT)", -,https://media.licdn.com/dms/image/v2/D4D04AQHLTOTJ8ppncQ/profile-originalbackgroundimage-shrink_396_1584/profile-originalbackgroundimage-shrink_396_1584/0/1697585577069?e=1762992000&v=beta&t=82MSq79NZXmv5zNOrCnngXjj6hXjiqBBAV62aafrcpo
"You uploaded a document on May 23, 2023 at 9:22 PM (GMT)", -,https://media.licdn.com/dms/image/v2/D4D2DAQFEzqvSfAc2EA/profile-treasury-document-cover-images_1920/profile-treasury-document-cover-images_1920/0/1684876928240?e=1760835600&v=beta&t=PMZShI-u23OCccKOccsMqIzb4DLbtSwdSqeRfIeE2Jg
